file_name,package,minor,major,total,ownership,num_of_bugs
Direct16.java,org.apache.lucene.util.packed,0,1,2,0.5,0
PhraseQuery.java,org.apache.lucene.search,0,2,3,0.6,24
FreqProxFields.java,org.apache.lucene.index,0,2,3,0.7777777777777778,6
DocValuesProducer.java,org.apache.lucene.codecs,0,1,2,0.8333333333333334,0
NumericRangeQuery.java,org.apache.lucene.search,0,2,3,0.3333333333333333,3
CompressingTermVectorsWriter.java,org.apache.lucene.codecs.compressing,0,3,4,0.7777777777777778,0
IndexFileNames.java,org.apache.lucene.index,0,2,3,0.6,0
Filter.java,org.apache.lucene.search,0,0,1,1.0,5
SpanTermQuery.java,org.apache.lucene.search.spans,0,2,3,0.3333333333333333,9
NumericTokenStream.java,org.apache.lucene.analysis,0,2,3,0.5,0
Lucene50NormsFormat.java,org.apache.lucene.codecs.lucene50,0,1,2,0.75,1
BlockTreeTermsReader.java,org.apache.lucene.codecs.blocktree,0,4,5,0.42105263157894735,0
SpanMultiTermQueryWrapper.java,org.apache.lucene.search.spans,0,1,2,0.6666666666666666,0
StoredFieldsReader.java,org.apache.lucene.codecs,0,2,3,0.5,0
BufferedChecksum.java,org.apache.lucene.store,0,0,1,1.0,0
SegmentCommitInfo.java,org.apache.lucene.index,0,2,3,0.5,4
Field.java,org.apache.lucene.document,0,2,3,0.6666666666666666,1
SlowCompositeReaderWrapper.java,org.apache.lucene.index,0,3,4,0.5454545454545454,2
PackedTokenAttributeImpl.java,org.apache.lucene.analysis.tokenattributes,0,0,1,1.0,0
StatePair.java,org.apache.lucene.util.automaton,0,0,1,1.0,0
BufferedUpdatesStream.java,org.apache.lucene.index,0,4,5,0.36363636363636365,3
SimpleFSLockFactory.java,org.apache.lucene.store,0,2,3,0.42857142857142855,4
DelegatingAnalyzerWrapper.java,org.apache.lucene.analysis,0,0,1,1.0,0
MonotonicLongValues.java,org.apache.lucene.util.packed,0,0,1,1.0,0
Constants.java,org.apache.lucene.util,0,1,2,0.6,1
Operations.java,org.apache.lucene.util.automaton,0,2,3,0.75,0
ScoreCachingWrappingScorer.java,org.apache.lucene.search,0,2,3,0.3333333333333333,0
MinimizationOperations.java,org.apache.lucene.util.automaton,0,1,2,0.8,0
SortedNumericSortField.java,org.apache.lucene.search,0,1,2,0.5,1
FieldReader.java,org.apache.lucene.codecs.blocktree,0,3,4,0.38461538461538464,0
SortedDocValuesWriter.java,org.apache.lucene.index,0,1,2,0.5,0
TwoPhaseCommitTool.java,org.apache.lucene.index,0,0,1,1.0,0
AttributeFactory.java,org.apache.lucene.util,0,0,1,1.0,0
CachingCollector.java,org.apache.lucene.search,0,2,3,0.6,1
Outputs.java,org.apache.lucene.util.fst,0,2,3,0.5,0
PackedReaderIterator.java,org.apache.lucene.util.packed,0,0,1,1.0,0
ForwardBytesReader.java,org.apache.lucene.util.fst,0,0,1,1.0,0
MergedPrefixCodedTermsIterator.java,org.apache.lucene.index,0,0,1,1.0,0
MutableValueLong.java,org.apache.lucene.util.mutable,0,0,1,1.0,0
IndexDocument.java,org.apache.lucene.index,0,0,1,1.0,0
UpgradeIndexMergePolicy.java,org.apache.lucene.index,0,3,4,0.4,0
DirectPacked64SingleBlockReader.java,org.apache.lucene.util.packed,0,0,1,1.0,0
FieldsProducer.java,org.apache.lucene.codecs,0,1,2,0.6666666666666666,0
Tokenizer.java,org.apache.lucene.analysis,0,1,2,0.6666666666666666,0
CompressingTermVectorsReader.java,org.apache.lucene.codecs.compressing,0,1,2,0.8666666666666667,7
CheckIndex.java,org.apache.lucene.index,3,2,6,0.40540540540540543,18
FieldInfosFormat.java,org.apache.lucene.codecs,0,0,1,1.0,0
SortedSetDocValues.java,org.apache.lucene.index,0,0,1,1.0,0
Version.java,org.apache.lucene.util,0,5,6,0.2777777777777778,2
TrackingIndexWriter.java,org.apache.lucene.index,0,1,2,0.6666666666666666,0
SparseFixedBitSet.java,org.apache.lucene.util,0,1,2,0.8,1
ArrayUtil.java,org.apache.lucene.util,0,1,2,0.6666666666666666,0
NoLockFactory.java,org.apache.lucene.store,0,1,2,0.5,2
IndexOutput.java,org.apache.lucene.store,0,1,2,0.5,0
BinaryDocValuesWriter.java,org.apache.lucene.index,0,2,3,0.5,0
DisjunctionScorer.java,org.apache.lucene.search,0,0,1,1.0,2
LongBitSet.java,org.apache.lucene.util,0,1,2,0.6666666666666666,4
SegmentTermsEnumFrame.java,org.apache.lucene.codecs.blocktree,0,1,2,0.875,0
Accountable.java,org.apache.lucene.util,0,1,2,0.6,0
EliasFanoDecoder.java,org.apache.lucene.util.packed,0,1,2,0.5,0
UnicodeUtil.java,org.apache.lucene.util,0,3,4,0.3333333333333333,0
DefaultSimilarity.java,org.apache.lucene.search.similarities,0,0,1,1.0,2
RAMFile.java,org.apache.lucene.store,0,1,2,0.75,0
DocValuesDocIdSet.java,org.apache.lucene.search,0,1,2,0.8571428571428571,0
LogMergePolicy.java,org.apache.lucene.index,0,3,4,0.3333333333333333,0
CompressingTermVectorsFormat.java,org.apache.lucene.codecs.compressing,0,0,1,1.0,0
MinShouldMatchSumScorer.java,org.apache.lucene.search,0,0,1,1.0,0
IndexReader.java,org.apache.lucene.index,0,4,5,0.2857142857142857,0
CharsRefBuilder.java,org.apache.lucene.util,0,0,1,1.0,0
MergedIterator.java,org.apache.lucene.util,0,0,1,1.0,0
PackedInts.java,org.apache.lucene.util.packed,0,1,2,0.5454545454545454,1
IndexWriter.java,org.apache.lucene.index,6,2,9,0.45555555555555555,24
StringHelper.java,org.apache.lucene.util,0,3,4,0.6,2
PositiveScoresOnlyCollector.java,org.apache.lucene.search,0,1,2,0.5,0
MultiLevelSkipListWriter.java,org.apache.lucene.codecs,0,0,1,1.0,0
DocTermOrdsRangeFilter.java,org.apache.lucene.search,0,1,2,0.6666666666666666,0
Lucene50StoredFieldsFormat.java,org.apache.lucene.codecs.lucene50,0,0,1,1.0,1
LogByteSizeMergePolicy.java,org.apache.lucene.index,0,0,1,1.0,2
SetOnce.java,org.apache.lucene.util,0,1,2,0.5,0
IntsRef.java,org.apache.lucene.util,0,0,1,1.0,0
MultiSimilarity.java,org.apache.lucene.search.similarities,0,0,1,1.0,2
SearcherManager.java,org.apache.lucene.search,0,1,2,0.6666666666666666,0
FlushPolicy.java,org.apache.lucene.index,0,0,1,1.0,0
TermContext.java,org.apache.lucene.index,0,1,2,0.5,4
ScoringRewrite.java,org.apache.lucene.search,0,0,1,1.0,0
TokenStream.java,org.apache.lucene.analysis,0,1,2,0.6666666666666666,1
DirectPackedReader.java,org.apache.lucene.util.packed,0,1,2,0.6666666666666666,0
SegmentCoreReaders.java,org.apache.lucene.index,0,4,5,0.625,0
LongValues.java,org.apache.lucene.util,0,0,1,1.0,0
RandomAccessOrds.java,org.apache.lucene.index,0,0,1,1.0,0
FieldTermIterator.java,org.apache.lucene.index,0,0,1,1.0,0
IndexableFieldType.java,org.apache.lucene.index,0,0,1,1.0,0
FilterLeafCollector.java,org.apache.lucene.search,0,0,1,1.0,0
ReqOptSumScorer.java,org.apache.lucene.search,0,0,1,1.0,0
FSDirectory.java,org.apache.lucene.store,2,2,5,0.42857142857142855,4
FilterLeafReader.java,org.apache.lucene.index,0,2,3,0.4,6
IndexSearcher.java,org.apache.lucene.search,0,3,4,0.36363636363636365,5
BulkScorer.java,org.apache.lucene.search,0,1,2,0.6666666666666666,0
NormsConsumer.java,org.apache.lucene.codecs,0,2,3,0.5,0
BytesRefFSTEnum.java,org.apache.lucene.util.fst,0,0,1,1.0,0
SortedSetDocValuesWriter.java,org.apache.lucene.index,0,2,3,0.3333333333333333,0
QueryBuilder.java,org.apache.lucene.util,0,1,2,0.5,2
WildcardQuery.java,org.apache.lucene.search,0,2,3,0.6666666666666666,0
Directory.java,org.apache.lucene.store,0,3,4,0.7,4
Packed64.java,org.apache.lucene.util.packed,0,1,2,0.6666666666666666,0
ControlledRealTimeReopenThread.java,org.apache.lucene.search,0,1,2,0.5,0
SortedNumericDocValuesField.java,org.apache.lucene.document,0,1,2,0.6666666666666666,0
MergePolicy.java,org.apache.lucene.index,0,5,6,0.4666666666666667,0
LogDocMergePolicy.java,org.apache.lucene.index,0,0,1,1.0,0
CharsRef.java,org.apache.lucene.util,0,0,1,1.0,0
NodeHash.java,org.apache.lucene.util.fst,0,1,2,0.5,0
Util.java,org.apache.lucene.util.fst,0,3,4,0.4,2
MappingMultiDocsAndPositionsEnum.java,org.apache.lucene.index,0,0,1,1.0,0
Lucene50CompoundReader.java,org.apache.lucene.codecs.lucene50,0,1,2,0.8,2
ParallelLeafReader.java,org.apache.lucene.index,0,2,3,0.5,0
BinaryDocValuesField.java,org.apache.lucene.document,0,0,1,1.0,0
Lucene50DocValuesProducer.java,org.apache.lucene.codecs.lucene50,0,1,2,0.75,0
PositiveIntOutputs.java,org.apache.lucene.util.fst,0,0,1,1.0,0
PersistentSnapshotDeletionPolicy.java,org.apache.lucene.index,0,1,2,0.6666666666666666,0
AlreadyClosedException.java,org.apache.lucene.store,0,0,1,1.0,0
NumericUtils.java,org.apache.lucene.util,0,3,4,0.5714285714285714,0
IndexFormatTooNewException.java,org.apache.lucene.index,0,1,2,0.5,0
ParallelCompositeReader.java,org.apache.lucene.index,0,0,1,1.0,0
AttributeSource.java,org.apache.lucene.util,0,2,3,0.42857142857142855,0
Term.java,org.apache.lucene.index,0,0,1,1.0,0
IntsRefBuilder.java,org.apache.lucene.util,0,0,1,1.0,0
FilterCodec.java,org.apache.lucene.codecs,0,0,1,1.0,0
CompoundFormat.java,org.apache.lucene.codecs,0,1,2,0.8333333333333334,0
OfflineSorter.java,org.apache.lucene.util,0,3,4,0.5714285714285714,0
LockVerifyServer.java,org.apache.lucene.store,0,0,1,1.0,0
LeafReader.java,org.apache.lucene.index,0,2,3,0.5,5
NumericDocValuesField.java,org.apache.lucene.document,0,0,1,1.0,0
BufferedChecksumIndexInput.java,org.apache.lucene.store,0,1,2,0.6666666666666666,0
BitUtil.java,org.apache.lucene.util,0,1,2,0.6666666666666666,0
TopTermsRewrite.java,org.apache.lucene.search,0,1,2,0.5,0
MultiDocsAndPositionsEnum.java,org.apache.lucene.index,0,0,1,1.0,0
SpanNearQuery.java,org.apache.lucene.search.spans,0,2,3,0.5,2
FilterSpans.java,org.apache.lucene.search.spans,0,0,1,1.0,8
DocsEnum.java,org.apache.lucene.index,0,0,1,1.0,1
RegexpQuery.java,org.apache.lucene.search,0,0,1,1.0,0
StrictStringTokenizer.java,org.apache.lucene.util,0,0,1,1.0,0
IntsRefFSTEnum.java,org.apache.lucene.util.fst,0,0,1,1.0,0
CharSequenceOutputs.java,org.apache.lucene.util.fst,0,0,1,1.0,0
TermQuery.java,org.apache.lucene.search,0,1,2,0.5,10
NIOFSDirectory.java,org.apache.lucene.store,0,1,2,0.6666666666666666,2
FieldValueFilter.java,org.apache.lucene.search,0,2,3,0.5,0
AutomatonProvider.java,org.apache.lucene.util.automaton,0,0,1,1.0,0
PriorityQueue.java,org.apache.lucene.util,0,1,2,0.75,0
FuzzyQuery.java,org.apache.lucene.search,0,1,2,0.6666666666666666,0
Lucene50NormsProducer.java,org.apache.lucene.codecs.lucene50,0,2,3,0.7142857142857143,0
Direct64.java,org.apache.lucene.util.packed,0,0,1,1.0,0
FakeScorer.java,org.apache.lucene.search,0,1,2,0.6666666666666666,0
MatchAllDocsQuery.java,org.apache.lucene.search,0,2,3,0.3333333333333333,3
SpanPositionCheckQuery.java,org.apache.lucene.search.spans,0,1,2,0.5,10
MultiCollector.java,org.apache.lucene.search,0,1,2,0.6666666666666666,1
RamUsageEstimator.java,org.apache.lucene.util,0,1,2,0.625,1
SimpleFSDirectory.java,org.apache.lucene.store,0,1,2,0.6,2
PackedLongValues.java,org.apache.lucene.util.packed,0,1,2,0.6666666666666666,0
DocValuesRewriteMethod.java,org.apache.lucene.search,0,1,2,0.5,1
InfoStream.java,org.apache.lucene.util,0,0,1,1.0,0
IndexDeletionPolicy.java,org.apache.lucene.index,0,0,1,1.0,0
NoOutputs.java,org.apache.lucene.util.fst,0,1,2,0.5,0
PerFieldPostingsFormat.java,org.apache.lucene.codecs.perfield,0,3,4,0.5454545454545454,0
SpanNotQuery.java,org.apache.lucene.search.spans,0,1,2,0.6666666666666666,6
SpanWeight.java,org.apache.lucene.search.spans,0,2,3,0.3333333333333333,9
BlockPackedReader.java,org.apache.lucene.util.packed,0,1,2,0.5,0
FuzzyTermsEnum.java,org.apache.lucene.search,0,2,3,0.7142857142857143,0
DoubleDocValuesField.java,org.apache.lucene.document,0,1,2,0.5,0
Lucene50SkipReader.java,org.apache.lucene.codecs.lucene50,0,1,2,0.5,0
CompressionTools.java,org.apache.lucene.document,0,0,1,1.0,0
Automata.java,org.apache.lucene.util.automaton,0,1,2,0.6666666666666666,0
PostingsReaderBase.java,org.apache.lucene.codecs,0,2,3,0.4,0
TotalHitCountCollector.java,org.apache.lucene.search,0,0,1,1.0,1
SegmentWriteState.java,org.apache.lucene.index,0,1,2,0.6666666666666666,0
BooleanQuery.java,org.apache.lucene.search,0,4,5,0.47058823529411764,7
Weight.java,org.apache.lucene.search,0,2,3,0.6363636363636364,1
SortField.java,org.apache.lucene.search,0,2,3,0.5,0
ByteRunAutomaton.java,org.apache.lucene.util.automaton,0,0,1,1.0,0
DocumentsWriterFlushQueue.java,org.apache.lucene.index,0,1,2,0.6666666666666666,0
Direct8.java,org.apache.lucene.util.packed,0,1,2,0.5,0
PrintStreamInfoStream.java,org.apache.lucene.util,0,0,1,1.0,6
MultiTermsEnum.java,org.apache.lucene.index,0,0,1,1.0,2
SearcherLifetimeManager.java,org.apache.lucene.search,0,0,1,1.0,0
MultiDocValues.java,org.apache.lucene.index,0,3,4,0.47368421052631576,0
SpanOrQuery.java,org.apache.lucene.search.spans,0,1,2,0.6666666666666666,4
PostingsFormat.java,org.apache.lucene.codecs,0,0,1,1.0,2
ByteSequenceOutputs.java,org.apache.lucene.util.fst,0,2,3,0.6,0
SimpleFieldComparator.java,org.apache.lucene.search,0,0,1,1.0,0
DocumentsWriterFlushControl.java,org.apache.lucene.index,0,3,4,0.4444444444444444,6
ReaderUtil.java,org.apache.lucene.index,0,0,1,1.0,0
DocumentsWriterPerThread.java,org.apache.lucene.index,0,3,4,0.5555555555555556,6
DataOutput.java,org.apache.lucene.store,0,1,2,0.5,3
Token.java,org.apache.lucene.analysis,0,1,2,0.6666666666666666,1
DirectReader.java,org.apache.lucene.util.packed,0,0,1,1.0,0
PagedBytes.java,org.apache.lucene.util,0,1,2,0.5714285714285714,0
DisjunctionMaxQuery.java,org.apache.lucene.search,0,2,3,0.5,5
Lucene50PostingsFormat.java,org.apache.lucene.codecs.lucene50,0,1,2,0.6,1
SortedNumericDocValuesWriter.java,org.apache.lucene.index,0,1,2,0.5,0
TermCollectingRewrite.java,org.apache.lucene.search,0,1,2,0.5,0
RegExp.java,org.apache.lucene.util.automaton,0,1,2,0.6666666666666666,1
TextField.java,org.apache.lucene.document,0,0,1,1.0,0
FieldInfo.java,org.apache.lucene.index,0,1,2,0.6428571428571429,0
DefaultIndexingChain.java,org.apache.lucene.index,1,1,3,0.5294117647058824,3
DocValues.java,org.apache.lucene.index,0,2,3,0.625,0
Automaton.java,org.apache.lucene.util.automaton,0,1,2,0.8461538461538461,0
CharacterRunAutomaton.java,org.apache.lucene.util.automaton,0,0,1,1.0,0
NearSpansOrdered.java,org.apache.lucene.search.spans,0,2,3,0.3333333333333333,4
NumericRangeFilter.java,org.apache.lucene.search,0,1,2,0.5,0
ConcurrentMergeScheduler.java,org.apache.lucene.index,0,2,3,0.7857142857142857,5
Lucene50SegmentInfoFormat.java,org.apache.lucene.codecs.lucene50,0,1,2,0.7777777777777778,1
ConjunctionScorer.java,org.apache.lucene.search,0,0,1,1.0,2
SortedSetSelector.java,org.apache.lucene.search,0,0,1,1.0,0
TermVectorsConsumer.java,org.apache.lucene.index,0,1,2,0.6666666666666666,0
MonotonicBlockPackedWriter.java,org.apache.lucene.util.packed,0,0,1,1.0,0
OrdTermState.java,org.apache.lucene.index,0,0,1,1.0,0
CompositeReader.java,org.apache.lucene.index,0,0,1,1.0,0
TieredMergePolicy.java,org.apache.lucene.index,0,4,5,0.4444444444444444,0
Scorer.java,org.apache.lucene.search,0,1,2,0.5,0
DocValuesTermsFilter.java,org.apache.lucene.search,0,1,2,0.5,1
QueryRescorer.java,org.apache.lucene.search,0,2,3,0.5,3
NamedSPILoader.java,org.apache.lucene.util,0,1,2,0.5,2
Sort.java,org.apache.lucene.search,0,1,2,0.5,1
DocValuesType.java,org.apache.lucene.index,0,1,2,0.6666666666666666,0
SloppyMath.java,org.apache.lucene.util,0,1,2,0.5,0
Codec.java,org.apache.lucene.codecs,0,0,1,1.0,2
Rescorer.java,org.apache.lucene.search,0,0,1,1.0,0
TopFieldCollector.java,org.apache.lucene.search,0,3,4,0.5,2
NormsProducer.java,org.apache.lucene.codecs,0,0,1,1.0,0
SpanQuery.java,org.apache.lucene.search.spans,0,1,2,0.5,4
MutableValueDate.java,org.apache.lucene.util.mutable,0,0,1,1.0,0
TermVectorsConsumerPerField.java,org.apache.lucene.index,0,0,1,1.0,0
MutableValueFloat.java,org.apache.lucene.util.mutable,0,0,1,1.0,0
MultiTermQuery.java,org.apache.lucene.search,0,1,2,0.5,2
SortedDocValuesTermsEnum.java,org.apache.lucene.index,0,1,2,0.6666666666666666,0
IntField.java,org.apache.lucene.document,0,2,3,0.6,0
MatchingReaders.java,org.apache.lucene.codecs.compressing,0,2,3,0.6,0
PayloadTermQuery.java,org.apache.lucene.search.payloads,0,1,2,0.5,8
LevenshteinAutomata.java,org.apache.lucene.util.automaton,0,1,2,0.8571428571428571,1
StandardDirectoryReader.java,org.apache.lucene.index,0,3,4,0.4444444444444444,4
MultiLevelSkipListReader.java,org.apache.lucene.codecs,0,0,1,1.0,0
DocumentsWriter.java,org.apache.lucene.index,0,3,4,0.47058823529411764,14
RoaringDocIdSet.java,org.apache.lucene.util,0,1,2,0.8333333333333334,0
FilterCodecReader.java,org.apache.lucene.index,0,0,1,1.0,0
DocumentsWriterStallControl.java,org.apache.lucene.index,0,1,2,0.6666666666666666,2
MMapDirectory.java,org.apache.lucene.store,0,2,3,0.5,2
MergeRateLimiter.java,org.apache.lucene.index,0,0,1,1.0,0
BytesRefArray.java,org.apache.lucene.util,0,1,2,0.5,0
TermVectorsWriter.java,org.apache.lucene.codecs,0,4,5,0.2857142857142857,2
PayloadSpanUtil.java,org.apache.lucene.search.payloads,0,1,2,0.5,2
MutableValueInt.java,org.apache.lucene.util.mutable,0,0,1,1.0,0
Lucene50PostingsReader.java,org.apache.lucene.codecs.lucene50,0,1,2,0.8333333333333334,9
Analyzer.java,org.apache.lucene.analysis,0,2,3,0.4,0
DocIdSet.java,org.apache.lucene.search,0,2,3,0.5,0
FilterDirectory.java,org.apache.lucene.store,0,3,4,0.5,2
TermRangeFilter.java,org.apache.lucene.search,0,0,1,1.0,0
FreqProxTermsWriter.java,org.apache.lucene.index,0,1,2,0.8888888888888888,0
CharTermAttribute.java,org.apache.lucene.analysis.tokenattributes,0,0,1,1.0,0
DocConsumer.java,org.apache.lucene.index,0,0,1,1.0,0
FieldsConsumer.java,org.apache.lucene.codecs,0,2,3,0.5,0
CompressingStoredFieldsWriter.java,org.apache.lucene.codecs.compressing,1,2,4,0.6666666666666666,0
NormValuesWriter.java,org.apache.lucene.index,0,0,1,1.0,0
FilterScorer.java,org.apache.lucene.search,0,0,1,1.0,0
SortedSetDocValuesField.java,org.apache.lucene.document,0,0,1,1.0,0
CachingWrapperFilter.java,org.apache.lucene.search,0,2,3,0.6923076923076923,0
Terms.java,org.apache.lucene.index,0,3,4,0.42857142857142855,0
FlushByRamOrCountsPolicy.java,org.apache.lucene.index,0,1,2,0.6666666666666666,0
FSTEnum.java,org.apache.lucene.util.fst,0,0,1,1.0,0
FieldInfos.java,org.apache.lucene.index,0,1,2,0.7272727272727273,0
QueryWrapperFilter.java,org.apache.lucene.search,0,2,3,0.3333333333333333,3
Lucene50FieldInfosFormat.java,org.apache.lucene.codecs.lucene50,0,1,2,0.6363636363636364,1
EliasFanoEncoder.java,org.apache.lucene.util.packed,0,1,2,0.5,0
LockObtainFailedException.java,org.apache.lucene.store,0,0,1,1.0,2
ByteBufferIndexInput.java,org.apache.lucene.store,0,3,4,0.42857142857142855,4
SegmentDocValues.java,org.apache.lucene.index,0,2,3,0.6,0
BooleanScorer.java,org.apache.lucene.search,0,2,3,0.6666666666666666,0
DocumentsWriterPerThreadPool.java,org.apache.lucene.index,0,0,1,1.0,6
PrefixQuery.java,org.apache.lucene.search,0,0,1,1.0,0
ExactPhraseScorer.java,org.apache.lucene.search,0,0,1,1.0,1
RAMInputStream.java,org.apache.lucene.store,0,1,2,0.5,2
PackedWriter.java,org.apache.lucene.util.packed,0,0,1,1.0,0
ConstantScoreQuery.java,org.apache.lucene.search,0,2,3,0.5,7
SlowCodecReaderWrapper.java,org.apache.lucene.index,0,0,1,1.0,0
Packed16ThreeBlocks.java,org.apache.lucene.util.packed,0,0,1,1.0,0
SegmentInfos.java,org.apache.lucene.index,1,1,3,0.6190476190476191,17
CompressionMode.java,org.apache.lucene.codecs.compressing,0,1,2,0.8333333333333334,0
AttributeImpl.java,org.apache.lucene.util,0,1,2,0.6666666666666666,0
SortRescorer.java,org.apache.lucene.search,0,2,3,0.6,2
LongsRef.java,org.apache.lucene.util,0,0,1,1.0,0
Accountables.java,org.apache.lucene.util,0,2,3,0.4,0
PairOutputs.java,org.apache.lucene.util.fst,0,2,3,0.7142857142857143,0
IndexFormatTooOldException.java,org.apache.lucene.index,0,1,2,0.5,0
Explanation.java,org.apache.lucene.search,0,0,1,1.0,6
IndexUpgrader.java,org.apache.lucene.index,0,3,4,0.2857142857142857,3
MultiDocsEnum.java,org.apache.lucene.index,0,0,1,1.0,0
RunAutomaton.java,org.apache.lucene.util.automaton,0,1,2,0.8571428571428571,0
Direct32.java,org.apache.lucene.util.packed,0,1,2,0.5,0
DataInput.java,org.apache.lucene.store,0,2,3,0.5,0
IndexReaderContext.java,org.apache.lucene.index,0,0,1,1.0,0
TermToBytesRefAttribute.java,org.apache.lucene.analysis.tokenattributes,0,0,1,1.0,0
DisjunctionSumScorer.java,org.apache.lucene.search,0,0,1,1.0,0
IndexInput.java,org.apache.lucene.store,0,0,1,1.0,2
CoalescedUpdates.java,org.apache.lucene.index,0,2,3,0.5,0
BufferedIndexInput.java,org.apache.lucene.store,0,1,2,0.75,0
RateLimiter.java,org.apache.lucene.store,0,1,2,0.8,0
RAMOutputStream.java,org.apache.lucene.store,0,3,4,0.5833333333333334,0
MutableValueDouble.java,org.apache.lucene.util.mutable,0,0,1,1.0,0
CorruptIndexException.java,org.apache.lucene.index,0,3,4,0.25,0
LockReleaseFailedException.java,org.apache.lucene.store,0,1,2,0.5,0
TimeLimitingCollector.java,org.apache.lucene.search,0,2,3,0.3333333333333333,4
RAMDirectory.java,org.apache.lucene.store,0,5,6,0.46153846153846156,1
LRUFilterCache.java,org.apache.lucene.search,0,1,2,0.8571428571428571,0
FST.java,org.apache.lucene.util.fst,0,3,4,0.35714285714285715,0
PrefixCodedTerms.java,org.apache.lucene.index,0,2,3,0.5,0
SortedDocValuesField.java,org.apache.lucene.document,0,0,1,1.0,0
NativeFSLockFactory.java,org.apache.lucene.store,0,4,5,0.4444444444444444,4
CollectionTerminatedException.java,org.apache.lucene.search,0,0,1,1.0,0
SegmentMerger.java,org.apache.lucene.index,0,3,4,0.625,0
SegmentDocValuesProducer.java,org.apache.lucene.index,0,2,3,0.625,0
SortedSetDocValuesTermsEnum.java,org.apache.lucene.index,0,1,2,0.6666666666666666,0
ForUtil.java,org.apache.lucene.codecs.lucene50,0,0,1,1.0,0
EliasFanoDocIdSet.java,org.apache.lucene.util.packed,0,0,1,1.0,0
SloppyPhraseScorer.java,org.apache.lucene.search,0,2,3,0.4,1
CompressingStoredFieldsIndexWriter.java,org.apache.lucene.codecs.compressing,0,1,2,0.5,1
MultiTermQueryWrapperFilter.java,org.apache.lucene.search,0,3,4,0.3333333333333333,2
PostingsWriterBase.java,org.apache.lucene.codecs,0,0,1,1.0,0
CompressingStoredFieldsIndexReader.java,org.apache.lucene.codecs.compressing,0,1,2,0.5714285714285714,0
CompressingStoredFieldsReader.java,org.apache.lucene.codecs.compressing,1,1,3,0.6818181818181818,0
FloatField.java,org.apache.lucene.document,0,2,3,0.6,0
Similarity.java,org.apache.lucene.search.similarities,0,1,2,0.5,3
FilteredTermsEnum.java,org.apache.lucene.index,0,0,1,1.0,0
Lucene50SkipWriter.java,org.apache.lucene.codecs.lucene50,0,1,2,0.5,0
FilterDirectoryReader.java,org.apache.lucene.index,0,2,3,0.5,5
CachingTokenFilter.java,org.apache.lucene.analysis,0,1,2,0.6666666666666666,1
SegmentInfo.java,org.apache.lucene.index,0,3,4,0.5,4
DocTermOrdsRewriteMethod.java,org.apache.lucene.search,0,2,3,0.5,1
FilteredQuery.java,org.apache.lucene.search,0,2,3,0.5,7
RateLimitedIndexOutput.java,org.apache.lucene.store,0,2,3,0.6666666666666666,0
SortedIntSet.java,org.apache.lucene.util.automaton,0,1,2,0.6666666666666666,0
BitDocIdSet.java,org.apache.lucene.util,0,0,1,1.0,0
NRTCachingDirectory.java,org.apache.lucene.store,0,5,6,0.47058823529411764,0
PagedGrowableWriter.java,org.apache.lucene.util.packed,0,0,1,1.0,0
LeafCollector.java,org.apache.lucene.search,0,1,2,0.6,0
SortedSetSortField.java,org.apache.lucene.search,0,1,2,0.5,1
LongField.java,org.apache.lucene.document,0,2,3,0.6,1
LockFactory.java,org.apache.lucene.store,0,0,1,1.0,2
Lucene50CompoundFormat.java,org.apache.lucene.codecs.lucene50,0,1,2,0.8888888888888888,0
SingletonSortedSetDocValues.java,org.apache.lucene.index,0,0,1,1.0,0
QueryTimeoutImpl.java,org.apache.lucene.index,0,0,1,1.0,0
AbstractPagedMutable.java,org.apache.lucene.util.packed,0,1,2,0.6666666666666666,0
NoMergeScheduler.java,org.apache.lucene.index,0,1,2,0.5,0
FieldInvertState.java,org.apache.lucene.index,0,1,2,0.75,0
BooleanTopLevelScorers.java,org.apache.lucene.search,0,0,1,1.0,0
StoredDocument.java,org.apache.lucene.index,0,0,1,1.0,0
BlockPackedReaderIterator.java,org.apache.lucene.util.packed,0,0,1,1.0,0
LiveIndexWriterConfig.java,org.apache.lucene.index,0,3,4,0.4444444444444444,3
FrozenBufferedUpdates.java,org.apache.lucene.index,0,3,4,0.4,0
Document.java,org.apache.lucene.document,0,1,2,0.8333333333333334,0
UsageTrackingFilterCachingPolicy.java,org.apache.lucene.search,0,0,1,1.0,0
BlockTreeTermsWriter.java,org.apache.lucene.codecs.blocktree,0,3,4,0.6666666666666666,1
NumericDocValuesFieldUpdates.java,org.apache.lucene.index,0,1,2,0.8,0
FieldComparator.java,org.apache.lucene.search,0,3,4,0.5384615384615384,0
DocValuesFieldUpdates.java,org.apache.lucene.index,0,1,2,0.75,0
DoubleField.java,org.apache.lucene.document,0,2,3,0.6,0
SimilarityBase.java,org.apache.lucene.search.similarities,0,1,2,0.5,2
MultiTerms.java,org.apache.lucene.index,0,2,3,0.3333333333333333,0
PerFieldDocValuesFormat.java,org.apache.lucene.codecs.perfield,0,2,3,0.7,0
DocValuesFormat.java,org.apache.lucene.codecs,0,0,1,1.0,2
PayloadAttribute.java,org.apache.lucene.analysis.tokenattributes,0,0,1,1.0,0
DocumentsWriterDeleteQueue.java,org.apache.lucene.index,0,2,3,0.5,0
TermRangeQuery.java,org.apache.lucene.search,0,0,1,1.0,0
OutputStreamIndexOutput.java,org.apache.lucene.store,0,1,2,0.6666666666666666,0
FixedBitSet.java,org.apache.lucene.util,0,2,3,0.6428571428571429,4
IntersectTermsEnum.java,org.apache.lucene.codecs.blocktree,0,1,2,0.8571428571428571,0
Lock.java,org.apache.lucene.store,0,1,2,0.6666666666666666,2
ReqExclScorer.java,org.apache.lucene.search,0,0,1,1.0,0
FSLockFactory.java,org.apache.lucene.store,0,2,3,0.3333333333333333,2
SentinelIntSet.java,org.apache.lucene.util,0,1,2,0.5,1
Lucene50NormsConsumer.java,org.apache.lucene.codecs.lucene50,0,2,3,0.6666666666666666,0
CodecReader.java,org.apache.lucene.index,0,0,1,1.0,0
SimpleCollector.java,org.apache.lucene.search,0,1,2,0.6666666666666666,0
BytesRefHash.java,org.apache.lucene.util,0,1,2,0.75,0
MapOfSets.java,org.apache.lucene.util,0,0,1,1.0,0
MergeScheduler.java,org.apache.lucene.index,0,1,2,0.6666666666666666,0
BlockPackedWriter.java,org.apache.lucene.util.packed,0,1,2,0.5,0
IndexCommit.java,org.apache.lucene.index,0,0,1,1.0,0
MutableValueStr.java,org.apache.lucene.util.mutable,0,1,2,0.5,0
FieldMaskingSpanQuery.java,org.apache.lucene.search.spans,0,0,1,1.0,3
ByteArrayDataInput.java,org.apache.lucene.store,0,0,1,1.0,0
Lucene50Codec.java,org.apache.lucene.codecs.lucene50,0,0,1,1.0,0
TFIDFSimilarity.java,org.apache.lucene.search.similarities,0,2,3,0.5,3
BytesRefBuilder.java,org.apache.lucene.util,0,0,1,1.0,0
AutomatonTermsEnum.java,org.apache.lucene.index,0,3,4,0.5714285714285714,0
FloatDocValuesField.java,org.apache.lucene.document,0,1,2,0.5,0
SortedNumericSelector.java,org.apache.lucene.search,0,0,1,1.0,0
FilterCachingPolicy.java,org.apache.lucene.search,0,0,1,1.0,0
TokenStreamToAutomaton.java,org.apache.lucene.analysis,0,1,2,0.75,0
Lucene50LiveDocsFormat.java,org.apache.lucene.codecs.lucene50,0,0,1,1.0,1
BaseDirectory.java,org.apache.lucene.store,0,0,1,1.0,2
BytesStore.java,org.apache.lucene.util.fst,0,2,3,0.6666666666666666,0
NotDocIdSet.java,org.apache.lucene.util,0,0,1,1.0,0
AbstractBlockPackedWriter.java,org.apache.lucene.util.packed,0,0,1,1.0,0
TermsHash.java,org.apache.lucene.index,0,1,2,0.6666666666666666,0
MergeState.java,org.apache.lucene.index,0,3,4,0.6,0
BM25Similarity.java,org.apache.lucene.search.similarities,0,0,1,1.0,4
FilteredDocIdSet.java,org.apache.lucene.search,0,1,2,0.6,1
FilteredDocIdSetIterator.java,org.apache.lucene.search,0,0,1,1.0,0
BitSetIterator.java,org.apache.lucene.util,0,0,1,1.0,0
BulkOperationPacked.java,org.apache.lucene.util.packed,0,0,1,1.0,0
QueryTimeout.java,org.apache.lucene.index,0,0,1,1.0,0
FrequencyTrackingRingBuffer.java,org.apache.lucene.util,0,0,1,1.0,0
LeafFieldComparator.java,org.apache.lucene.search,0,0,1,1.0,0
DocumentStoredFieldVisitor.java,org.apache.lucene.document,0,1,2,0.5,0
SortedDocValues.java,org.apache.lucene.index,0,0,1,1.0,0
Stats.java,org.apache.lucene.codecs.blocktree,0,2,3,0.5,0
SingletonSortedNumericDocValues.java,org.apache.lucene.index,0,0,1,1.0,0
BinaryDocValues.java,org.apache.lucene.index,0,0,1,1.0,0
IndexableField.java,org.apache.lucene.index,0,2,3,0.6,0
TooComplexToDeterminizeException.java,org.apache.lucene.util.automaton,0,0,1,1.0,0
FilterCache.java,org.apache.lucene.search,0,0,1,1.0,0
MultiFields.java,org.apache.lucene.index,0,2,3,0.5,5
NoMergePolicy.java,org.apache.lucene.index,0,1,2,0.6666666666666666,0
SimpleMergedSegmentWarmer.java,org.apache.lucene.index,0,2,3,0.3333333333333333,0
SPIClassIterator.java,org.apache.lucene.util,0,2,3,0.5,0
TermsHashPerField.java,org.apache.lucene.index,0,2,3,0.5,0
BinaryDocValuesFieldUpdates.java,org.apache.lucene.index,0,2,3,0.6666666666666666,0
Lucene50DocValuesFormat.java,org.apache.lucene.codecs.lucene50,0,2,3,0.6666666666666666,1
GrowableWriter.java,org.apache.lucene.util.packed,0,0,1,1.0,0
IntSequenceOutputs.java,org.apache.lucene.util.fst,0,1,2,0.6666666666666666,0
NormsFormat.java,org.apache.lucene.codecs,0,0,1,1.0,0
NumericDocValues.java,org.apache.lucene.index,0,1,2,0.5,0
BaseCompositeReader.java,org.apache.lucene.index,0,0,1,1.0,2
Lucene50TermVectorsFormat.java,org.apache.lucene.codecs.lucene50,0,0,1,1.0,1
WeakIdentityMap.java,org.apache.lucene.util,0,0,1,1.0,1
FieldDoc.java,org.apache.lucene.search,0,0,1,1.0,0
MultiPhraseQuery.java,org.apache.lucene.search,0,2,3,0.6666666666666666,24
Collector.java,org.apache.lucene.search,0,1,2,0.5,1
ReferenceManager.java,org.apache.lucene.search,0,1,2,0.5,0
SerialMergeScheduler.java,org.apache.lucene.index,0,0,1,1.0,0
Packed64SingleBlock.java,org.apache.lucene.util.packed,0,1,2,0.5,0
DirectWriter.java,org.apache.lucene.util.packed,0,1,2,0.6666666666666666,0
MonotonicBlockPackedReader.java,org.apache.lucene.util.packed,0,1,2,0.5714285714285714,0
BufferedUpdates.java,org.apache.lucene.index,0,2,3,0.3333333333333333,0
LockStressTest.java,org.apache.lucene.store,0,4,5,0.3333333333333333,2
TopDocsCollector.java,org.apache.lucene.search,0,1,2,0.6666666666666666,0
IndexFileDeleter.java,org.apache.lucene.index,0,1,2,0.5,4
Lucene50DocValuesConsumer.java,org.apache.lucene.codecs.lucene50,0,1,2,0.75,0
BytesRef.java,org.apache.lucene.util,0,1,2,0.5,0
StringField.java,org.apache.lucene.document,0,0,1,1.0,0
ChecksumIndexInput.java,org.apache.lucene.store,0,1,2,0.5,0
VerifyingLockFactory.java,org.apache.lucene.store,0,2,3,0.5,4
VirtualMethod.java,org.apache.lucene.util,0,1,2,0.5,0
PushPostingsWriterBase.java,org.apache.lucene.codecs,0,1,2,0.6666666666666666,1
TopDocs.java,org.apache.lucene.search,0,0,1,1.0,0
DirectoryReader.java,org.apache.lucene.index,0,1,2,0.8,3
PayloadNearQuery.java,org.apache.lucene.search.payloads,0,1,2,0.5,8
IndexWriterConfig.java,org.apache.lucene.index,0,3,4,0.5,5
MutableValueBool.java,org.apache.lucene.util.mutable,0,0,1,1.0,0
MappingMultiDocsEnum.java,org.apache.lucene.index,0,0,1,1.0,0
CompiledAutomaton.java,org.apache.lucene.util.automaton,0,2,3,0.7142857142857143,0
StoredFieldsWriter.java,org.apache.lucene.codecs,0,2,3,0.5,1
AutomatonQuery.java,org.apache.lucene.search,0,1,2,0.7142857142857143,2
FieldType.java,org.apache.lucene.document,0,1,2,0.8571428571428571,0
DeltaPackedLongValues.java,org.apache.lucene.util.packed,0,0,1,1.0,0
Lucene50PostingsWriter.java,org.apache.lucene.codecs.lucene50,0,1,2,0.8,0
TermVectorsReader.java,org.apache.lucene.codecs,0,1,2,0.6666666666666666,0
ExitableDirectoryReader.java,org.apache.lucene.index,0,1,2,0.5,2
ReadersAndUpdates.java,org.apache.lucene.index,0,2,3,0.4166666666666667,0
DocValuesConsumer.java,org.apache.lucene.codecs,0,4,5,0.4166666666666667,0
Transition.java,org.apache.lucene.util.automaton,0,0,1,1.0,0
CompressingStoredFieldsFormat.java,org.apache.lucene.codecs.compressing,0,1,2,0.8333333333333334,0
CharTermAttributeImpl.java,org.apache.lucene.analysis.tokenattributes,0,2,3,0.3333333333333333,0
TrackingDirectoryWrapper.java,org.apache.lucene.store,0,0,1,1.0,0
DocValuesRangeFilter.java,org.apache.lucene.search,0,2,3,0.3333333333333333,0
MappedMultiFields.java,org.apache.lucene.index,0,1,2,0.5,0
CommandLineUtil.java,org.apache.lucene.util,0,1,2,0.5,0
SingleInstanceLockFactory.java,org.apache.lucene.store,0,2,3,0.3333333333333333,4
PerFieldSimilarityWrapper.java,org.apache.lucene.search.similarities,0,0,1,1.0,0
CloseableThreadLocal.java,org.apache.lucene.util,0,0,1,1.0,0
IOUtils.java,org.apache.lucene.util,0,4,5,0.46153846153846156,4
DaciukMihovAutomatonBuilder.java,org.apache.lucene.util.automaton,0,2,3,0.6,0
MergeTrigger.java,org.apache.lucene.index,0,1,2,0.6666666666666666,0
AbortingException.java,org.apache.lucene.index,0,0,1,1.0,0
CodecUtil.java,org.apache.lucene.codecs,0,1,2,0.9166666666666666,0
PayloadAttributeImpl.java,org.apache.lucene.analysis.tokenattributes,0,0,1,1.0,0
DisjunctionMaxScorer.java,org.apache.lucene.search,0,0,1,1.0,0
SegmentInfoFormat.java,org.apache.lucene.codecs,0,0,1,1.0,1
FilterCollector.java,org.apache.lucene.search,0,1,2,0.5,1
IndexOptions.java,org.apache.lucene.index,0,0,1,1.0,0
UTF32ToUTF8.java,org.apache.lucene.util.automaton,0,1,2,0.8,0
SnapshotDeletionPolicy.java,org.apache.lucene.index,0,1,2,0.5,0
FreqProxTermsWriterPerField.java,org.apache.lucene.index,0,0,1,1.0,0
ReverseBytesReader.java,org.apache.lucene.util.fst,0,0,1,1.0,0
IntersectTermsEnumFrame.java,org.apache.lucene.codecs.blocktree,0,1,2,0.875,0
LiveFieldValues.java,org.apache.lucene.search,0,2,3,0.4,0
DocValuesUpdate.java,org.apache.lucene.index,0,1,2,0.75,0
NearSpansUnordered.java,org.apache.lucene.search.spans,0,2,3,0.3333333333333333,8
FieldValueHitQueue.java,org.apache.lucene.search,0,1,2,0.6666666666666666,0
SegmentReader.java,org.apache.lucene.index,1,4,6,0.59375,2
BitSet.java,org.apache.lucene.util,0,1,2,0.75,0
BulkOperation.java,org.apache.lucene.util.packed,0,0,1,1.0,0
DocValuesWriter.java,org.apache.lucene.index,0,0,1,1.0,0
RandomAccessInput.java,org.apache.lucene.store,0,0,1,1.0,0
SegmentTermsEnum.java,org.apache.lucene.codecs.blocktree,0,3,4,0.7333333333333333,0
AnalyzerWrapper.java,org.apache.lucene.analysis,0,1,2,0.6666666666666666,0
LeafReaderContext.java,org.apache.lucene.index,0,1,2,0.5,0
SortedNumericDocValues.java,org.apache.lucene.index,0,0,1,1.0,0
NumericDocValuesWriter.java,org.apache.lucene.index,0,3,4,0.25,0
Spans.java,org.apache.lucene.search.spans,0,0,1,1.0,7
TopScoreDocCollector.java,org.apache.lucene.search,0,1,2,0.75,1
Builder.java,org.apache.lucene.util.fst,0,2,3,0.5,0
ReaderManager.java,org.apache.lucene.index,0,1,2,0.5,0
FileSwitchDirectory.java,org.apache.lucene.store,0,2,3,0.6666666666666666,2
Packed8ThreeBlocks.java,org.apache.lucene.util.packed,0,0,1,1.0,0
CompositeReaderContext.java,org.apache.lucene.index,0,1,2,0.5,0
