"`id`","`url`","`owner_id`","`name`","`description`","`language`","`created_at`","`forked_from`","`deleted`","`updated_at`"
"2769","https://api.github.com/repos/apache/tapestry3","13369","tapestry3","Mirror of Apache Tapestry 3","Java","2009-03-27 15:41:52",,"0","2016-02-06 05:34:49"
"3963","https://api.github.com/repos/apache/wave","13369","wave","Mirror of Apache Wave","Java","2011-10-27 05:00:10",,"1","0000-00-00 00:00:00"
"4534","https://api.github.com/repos/apache/poi","13369","poi","Mirror of Apache POI","Java","2009-05-21 01:15:15",,"0","2016-02-06 05:34:49"
"4873","https://api.github.com/repos/apache/lucene-solr","13369","lucene-solr","Mirror of Apache Lucene + Solr","Java","2016-01-23 08:00:06",,"0","2016-02-06 05:34:49"
"7375","https://api.github.com/repos/apache/incubator-cordova-blackberry-webworks","13369","incubator-cordova-blackberry-webworks","Mirror of Apache Cordova blackberry-webworks","Java","2012-01-13 07:00:13",,"1","0000-00-00 00:00:00"
"7383","https://api.github.com/repos/apache/incubator-cordova-android","13369","incubator-cordova-android","Mirror of Apache Cordova Android","Java","2012-01-13 07:00:11",,"1","0000-00-00 00:00:00"
"8304","https://api.github.com/repos/apache/cassandra","13369","cassandra","Mirror of Apache Cassandra","Java","2009-05-21 02:10:09",,"0","2016-02-06 05:34:49"
"12713","https://api.github.com/repos/apache/hive","13369","hive","Mirror of Apache Hive","Java","2009-05-21 02:31:01",,"0","2016-02-06 05:34:49"
"13773","https://api.github.com/repos/apache/hbase","13369","hbase","Mirror of Apache HBase","Java","2014-05-23 07:00:07",,"0","2016-02-06 05:34:49"
"13802","https://api.github.com/repos/apache/hadoop-common","13369","hadoop-common","Mirror of Apache Hadoop common","Java","2014-10-21 07:00:09",,"0","2016-02-06 05:34:49"
"13864","https://api.github.com/repos/apache/struts2","13369","struts2","Mirror of Apache Struts 2","Java","2009-05-20 23:39:01",,"1","0000-00-00 00:00:00"
"13874","https://api.github.com/repos/apache/avro","13369","avro","Mirror of Apache Avro","Java","2009-05-21 02:48:37",,"0","2016-02-06 05:34:49"
"15138","https://api.github.com/repos/apache/sqoop","13369","sqoop","Mirror of Apache Sqoop","Java","2011-08-04 07:00:07",,"0","2016-02-06 05:34:49"
"18489","https://api.github.com/repos/apache/maven-plugins","13369","maven-plugins","Mirror of Apache Maven plugins","Java","2009-05-21 00:33:19",,"0","2016-02-06 05:34:49"
"28544","https://api.github.com/repos/apache/amber","13369","amber","Mirror of Apache Amber (incubating)","Java","2011-02-14 07:00:30",,"1","0000-00-00 00:00:00"
"36130","https://api.github.com/repos/apache/pig","13369","pig","Mirror of Apache Pig","Java","2009-05-21 01:10:43",,"0","2016-02-06 05:35:38"
"36727","https://api.github.com/repos/apache/activemq","13369","activemq","Mirror of Apache ActiveMQ","Java","2009-05-21 01:33:45",,"0","2016-02-06 05:35:38"
"36730","https://api.github.com/repos/apache/openjpa","13369","openjpa","Mirror of Apache OpenJPA","Java","2009-05-21 01:13:25",,"0","2016-02-06 05:35:38"
"36731","https://api.github.com/repos/apache/nutch","13369","nutch","Mirror of Apache Nutch","Java","2009-05-21 01:17:48",,"0","2016-02-06 05:35:38"
"39068","https://api.github.com/repos/apache/hadoop","13369","hadoop","Mirror of Apache Hadoop Core","Java","2009-03-27 14:41:53",,"1","0000-00-00 00:00:00"
"43256","https://api.github.com/repos/apache/ambari","13369","ambari","Mirror of Apache Ambari","Java","2011-09-23 07:00:08",,"0","2016-02-06 05:35:38"
"43726","https://api.github.com/repos/apache/mahout","13369","mahout","Mirror of Apache Mahout","Java","2014-05-23 07:00:07",,"0","2016-02-06 05:35:38"
"45297","https://api.github.com/repos/apache/kafka","13369","kafka","Mirror of Apache Kafka","Java","2011-08-15 18:06:16",,"0","2016-02-06 05:35:38"
"47945","https://api.github.com/repos/apache/wicket","13369","wicket","Mirror of Apache Wicket","Java","2009-05-21 01:51:51",,"0","2016-02-06 05:35:38"
"53170","https://api.github.com/repos/apache/flume","13369","flume","Mirror of Apache Flume","Java","2011-08-12 18:20:14",,"0","2016-02-06 05:35:38"
"55805","https://api.github.com/repos/apache/commons-math","13369","commons-math","Mirror of Apache Commons Math","Java","2014-10-08 07:00:06",,"0","2016-02-06 05:35:38"
"56537","https://api.github.com/repos/apache/hadoop-hdfs","13369","hadoop-hdfs","Mirror of Apache Hadoop HDFS","Java","2014-10-21 07:00:09",,"0","2016-02-06 05:35:38"
"56860","https://api.github.com/repos/apache/roller","13369","roller","Mirror of Apache Roller","Java","2009-05-21 02:42:21",,"0","2016-02-06 05:35:38"
"57510","https://api.github.com/repos/apache/oozie","13369","oozie","Mirror of Apache Oozie","Java","2011-09-14 07:00:10",,"0","2016-02-06 05:35:38"
"62238","https://api.github.com/repos/apache/camel","13369","camel","Mirror of Apache Camel","Java","2009-05-21 00:25:36",,"0","2016-02-06 05:35:38"
"63593","https://api.github.com/repos/apache/jackrabbit","13369","jackrabbit","Mirror of Apache Jackrabbit","Java","2009-05-21 01:43:24",,"0","2016-02-06 05:35:38"
"65426","https://api.github.com/repos/apache/geronimo-specs","13369","geronimo-specs","Mirror of Apache Geronimo specs","Java","2009-07-01 08:00:27",,"0","2016-02-06 05:35:38"
"75275","https://api.github.com/repos/apache/shiro","13369","shiro","Mirror of Apache Shiro (incubating)","Java","2009-08-29 08:00:17",,"0","2016-02-06 05:35:38"
"76847","https://api.github.com/repos/apache/incubator-deltaspike","13369","incubator-deltaspike","Mirror of Apache DeltaSpike","Java","2012-01-13 07:00:10",,"1","0000-00-00 00:00:00"
"80653","https://api.github.com/repos/apache/ant","13369","ant","Mirror of Apache Ant","Java","2014-05-28 07:00:08",,"0","2016-02-06 05:35:39"
"81441","https://api.github.com/repos/apache/hadoop-mapreduce","13369","hadoop-mapreduce","Mirror of Apache Hadoop MapReduce","Java","2014-10-21 07:00:09",,"0","2016-02-06 05:35:39"
"87806","https://api.github.com/repos/apache/zookeeper","13369","zookeeper","Mirror of Apache Hadoop ZooKeeper","Java","2009-03-27 15:41:56",,"0","2016-02-06 05:35:39"
"93464","https://api.github.com/repos/apache/jena-tdb","13369","jena-tdb","Mirror of Apache Jena - TDB (Incubating)","Java","2011-11-15 07:00:16",,"1","0000-00-00 00:00:00"
"113263","https://api.github.com/repos/apache/httpclient","13369","httpclient","Mirror of Apache HttpClient","Java","2009-05-21 01:43:06",,"0","2016-02-06 05:35:39"
"116476","https://api.github.com/repos/apache/chukwa","13369","chukwa","Mirror of Apache Chukwa","Java","2012-04-07 07:00:24",,"0","2016-02-06 05:35:39"
"122703","https://api.github.com/repos/apache/tomcat70","13369","tomcat70","Mirror of Apache Tomcat 7.0.x","Java","2010-08-12 03:32:41",,"0","2016-02-06 05:35:39"
"145486","https://api.github.com/repos/apache/hama","13369","hama","Mirror of Apache Hama","Java","2010-08-25 07:00:06",,"0","2016-02-06 05:35:39"
"147636","https://api.github.com/repos/apache/log4j","13369","log4j","Mirror of Apache log4j","Java","2009-05-21 01:31:38",,"0","2016-02-06 05:35:39"
"153636","https://api.github.com/repos/apache/httpasyncclient","13369","httpasyncclient","Mirror of Apache HttpComponents HttpAsyncClient","Java","2011-10-15 07:00:08",,"0","2016-02-06 05:35:39"
"153842","https://api.github.com/repos/apache/tomcat-maven-plugin","13369","tomcat-maven-plugin","Mirror of Apache Tomcat Maven plugin","Java","2011-09-01 07:00:15",,"0","2016-02-06 05:35:39"
"155485","https://api.github.com/repos/apache/felix","13369","felix","Mirror of Apache Felix","Java","2009-05-20 02:00:07",,"0","2016-02-06 05:35:39"
"162679","https://api.github.com/repos/apache/bookkeeper","13369","bookkeeper","Mirror of Apache Bookkeeper","Java","2011-04-06 07:00:07",,"0","2016-02-06 05:35:39"
"163368","https://api.github.com/repos/apache/maven-3","13369","maven-3","Mirror of Apache Maven 3","Java","2010-05-26 21:38:07",,"1","0000-00-00 00:00:00"
"163372","https://api.github.com/repos/apache/ivy","13369","ivy","Mirror of Apache Ivy","Java","2009-05-20 23:47:53",,"1","0000-00-00 00:00:00"
"163381","https://api.github.com/repos/apache/httpcore","13369","httpcore","Mirror of Apache HttpCore","Java","2009-05-21 01:41:50",,"0","2016-02-06 05:35:39"
"163546","https://api.github.com/repos/apache/directmemory","13369","directmemory","Mirror of Apache DirectMemory","Java","2011-10-15 07:00:08",,"0","2016-02-06 05:35:39"
"163875","https://api.github.com/repos/apache/tomcat","13369","tomcat","Mirror of Apache Tomcat","Java","2011-10-01 07:00:19",,"0","2016-02-06 05:35:39"
"164144","https://api.github.com/repos/apache/commons-codec","13369","commons-codec","Mirror of Apache Commons Codec","Java","2009-05-21 01:20:25",,"0","2016-02-06 05:35:39"
"164148","https://api.github.com/repos/apache/commons-cli","13369","commons-cli","Mirror of Apache Commons CLI","Java","2009-05-28 08:00:15",,"0","2016-02-06 05:35:39"
"173074","https://api.github.com/repos/apache/jackrabbit-oak","13369","jackrabbit-oak","Mirror of Apache Jackrabbit Oak","Java","2012-03-08 08:00:14",,"0","2016-02-06 05:35:39"
"179081","https://api.github.com/repos/apache/commons-logging","13369","commons-logging","Mirror of Apache Commons Logging","Java","2009-05-21 08:42:09",,"0","2016-02-06 05:35:39"
"185583","https://api.github.com/repos/apache/pdfbox","13369","pdfbox","Mirror of Apache PDFBox","Java","2009-09-26 08:00:19",,"0","2016-02-06 05:35:39"
"185588","https://api.github.com/repos/apache/incubator-s4","13369","incubator-s4","Mirror of Apache S4","Java","2012-01-13 08:00:11",,"0","2016-02-06 05:35:39"
"185592","https://api.github.com/repos/apache/jmeter","13369","jmeter","Mirror of Apache JMeter","Java","2010-05-26 23:38:07",,"0","2016-02-06 05:35:39"
"197963","https://api.github.com/repos/apache/bigtop","13369","bigtop","Mirror of Apache Bigtop","Java","2011-08-04 16:09:56",,"0","2016-02-06 05:35:40"
"204845","https://api.github.com/repos/apache/mina","13369","mina","Mirror of Apache MINA","Java","2009-05-21 01:13:51",,"0","2016-02-06 05:35:40"
"218107","https://api.github.com/repos/apache/openejb","13369","openejb","Mirror of Apache OpenEJB","Java","2013-01-23 08:00:17",,"0","2016-02-06 05:35:40"
"226038","https://api.github.com/repos/apache/geronimo-jaspi","13369","geronimo-jaspi","Mirror of Apache Geronimo jaspi","Java","2011-01-28 08:00:12",,"0","2016-02-06 05:35:40"
"226475","https://api.github.com/repos/apache/maven-scm","13369","maven-scm","Mirror of Apache Maven scm","Java","2009-05-21 00:33:04",,"0","2016-02-06 05:35:40"
"226771","https://api.github.com/repos/apache/karaf","13369","karaf","Mirror of Apache Karaf","Java","2010-08-12 03:32:41",,"0","2016-02-06 05:35:40"
"228745","https://api.github.com/repos/apache/tiles","13369","tiles","Mirror of Apache Tiles","Java","2011-10-25 07:00:11",,"0","2016-02-06 05:35:40"
"229588","https://api.github.com/repos/apache/commons-lang","13369","commons-lang","Mirror of Apache Commons Lang","Java","2009-05-21 01:24:46",,"0","2016-02-06 05:35:40"
"256950","https://api.github.com/repos/apache/jena-arq","13369","jena-arq","Mirror of Apache Jena - ARQ (Incubating)","Java","2011-11-12 07:00:10",,"1","0000-00-00 00:00:00"
"257031","https://api.github.com/repos/apache/jena-larq","13369","jena-larq","Mirror of Apache Jena - LARQ (Incubating)","Java","2011-11-13 07:00:20",,"1","0000-00-00 00:00:00"
"257049","https://api.github.com/repos/apache/jena-core","13369","jena-core","Mirror of Apache Jena - core (Incubating)","Java","2011-11-16 07:00:21",,"1","0000-00-00 00:00:00"
"257053","https://api.github.com/repos/apache/jena-fuseki","13369","jena-fuseki","Mirror of Apache Jena - Fuseki (Incubating)","Java","2011-11-13 07:00:21",,"1","0000-00-00 00:00:00"
"257065","https://api.github.com/repos/apache/jena-joseki","13369","jena-joseki","Mirror of Apache Jena - Joseki (Incubating)","Java","2011-11-13 07:00:21",,"1","0000-00-00 00:00:00"
"288489","https://api.github.com/repos/apache/maven-release","13369","maven-release","Mirror of Apache Maven release","Java","2009-05-21 00:59:16",,"0","2016-02-06 05:35:40"
"289368","https://api.github.com/repos/apache/accumulo","13369","accumulo","Mirror of Apache Accumulo","Java","2011-10-06 07:00:09",,"0","2016-02-06 05:35:40"
"293381","https://api.github.com/repos/apache/maven-doxia","13369","maven-doxia","Mirror of Apache Maven Doxia","Java","2009-05-21 03:16:25",,"0","2016-02-06 05:35:40"
"293488","https://api.github.com/repos/apache/maven-doxia-tools","13369","maven-doxia-tools","Mirror of Apache Maven Doxia tools","Java","2009-05-21 01:13:12",,"0","2016-02-06 05:35:40"
"293972","https://api.github.com/repos/apache/aries","13369","aries","Mirror of Apache Aries (incubating)","Java","2009-09-30 08:00:10",,"0","2016-02-06 05:35:40"
"298177","https://api.github.com/repos/apache/maven-surefire","13369","maven-surefire","Mirror of Apache Maven Surefire","Java","2010-08-12 03:32:41",,"0","2016-02-06 05:35:40"
"300140","https://api.github.com/repos/apache/cxf","13369","cxf","Mirror of Apache CXF","Java","2014-02-19 08:00:08",,"0","2016-02-06 05:35:40"
"304573","https://api.github.com/repos/apache/hcatalog","13369","hcatalog","Mirror of Apache HCatalog","Java","2011-04-14 07:00:07",,"0","2016-02-06 05:35:40"
"310014","https://api.github.com/repos/apache/giraph","13369","giraph","Mirror of Apache Giraph","Java","2011-08-28 07:00:33",,"0","2016-02-06 05:35:40"
"337902","https://api.github.com/repos/apache/tika","13369","tika","Mirror of Apache Tika","Java","2009-05-21 02:12:11",,"0","2016-02-06 05:35:40"
"340521","https://api.github.com/repos/apache/ofbiz","13369","ofbiz","Mirror of Apache OFBiz","Java","2009-05-20 01:47:56",,"0","2016-02-06 05:35:40"
"341756","https://api.github.com/repos/apache/sanselan","13369","sanselan","Mirror of Apache Sanselan (incubating)","Java","2009-05-21 01:48:24",,"0","2016-02-06 05:35:40"
"367411","https://api.github.com/repos/apache/whirr","13369","whirr","Mirror of Apache Whirr","Java","2010-08-12 03:32:41",,"0","2016-02-06 05:35:40"
"375659","https://api.github.com/repos/apache/karaf-cellar","13369","karaf-cellar","Mirror of Apache Karaf Cellar","Java","2011-05-22 07:00:07",,"0","2016-02-06 05:35:40"
"375822","https://api.github.com/repos/apache/tapestry5","13369","tapestry5","Mirror of Apache Tapestry 5","Java","2009-03-27 15:41:53",,"0","2016-02-06 05:35:40"
"381115","https://api.github.com/repos/apache/activemq-apollo","13369","activemq-apollo","Mirror of Apache ActiveMQ Apollo","Java","2011-01-28 08:00:12",,"0","2016-02-06 05:35:40"
"421729","https://api.github.com/repos/apache/james","13369","james","Mirror of Apache James","Java","2009-03-27 15:41:52",,"0","2016-02-06 05:35:40"
"423751","https://api.github.com/repos/apache/james-mailbox","13369","james-mailbox","Mirror of Apache James Mailbox","Java","2011-08-23 07:00:10",,"0","2016-02-06 05:35:40"
"444116","https://api.github.com/repos/apache/commons-io","13369","commons-io","Mirror of Apache Commons IO","Java","2009-05-21 01:38:37",,"0","2016-02-06 05:35:40"
"469926","https://api.github.com/repos/apache/activemq-protobuf","13369","activemq-protobuf","Mirror of Apache ActiveMQ Protobuf","Java","2009-09-07 08:03:51",,"0","2016-02-06 05:35:41"
"476094","https://api.github.com/repos/apache/commons-fileupload","13369","commons-fileupload","Mirror of Apache Commons FileUpload","Java","2011-10-15 07:00:07",,"0","2016-02-06 05:35:40"
"480981","https://api.github.com/repos/apache/maven-enforcer","13369","maven-enforcer","Mirror of Apache Maven enforcer","Java","2009-05-21 00:59:40",,"0","2016-02-06 05:35:41"
"489980","https://api.github.com/repos/apache/maven-wagon","13369","maven-wagon","Mirror of Apache Maven wagon","Java","2009-05-20 02:01:12",,"0","2016-02-06 05:35:41"
"497322","https://api.github.com/repos/apache/gora","13369","gora","Mirror of Apache Gora","Java","2014-05-19 07:00:07",,"0","2016-02-06 05:35:41"
"525801","https://api.github.com/repos/apache/maven","13369","maven","Mirror of Apache Maven","Java","2009-05-21 03:22:03",,"0","2016-02-06 05:35:41"
"542366","https://api.github.com/repos/apache/mrunit","13369","mrunit","Mirror of Apache MRUnit","Java","2011-03-26 07:00:07",,"0","2016-02-06 05:35:41"
"585118","https://api.github.com/repos/apache/kalumet","13369","kalumet","Mirror of Apache Kalument (Incubating)","Java","2011-11-06 07:00:10",,"0","2016-02-06 05:35:41"
"592449","https://api.github.com/repos/apache/maven-2","13369","maven-2","Mirror of Apache Maven 2","Java","2010-05-26 23:38:07",,"0","2016-02-06 05:35:41"
"593043","https://api.github.com/repos/apache/james-app","13369","james-app","Mirror of Apache James app","Java","2012-07-15 07:00:28",,"0","2016-02-06 05:35:41"
"593059","https://api.github.com/repos/apache/james-hupa","13369","james-hupa","Mirror of Apache James hupa","Java","2012-07-15 07:00:25",,"0","2016-02-06 05:35:41"
"593130","https://api.github.com/repos/apache/james-jdkim","13369","james-jdkim","Mirror of Apache James jdkim","Java","2012-07-15 07:00:28",,"0","2016-02-06 05:35:41"
"593144","https://api.github.com/repos/apache/james-jsieve","13369","james-jsieve","Mirror of Apache James jSieve","Java","2012-07-15 07:00:29",,"0","2016-02-06 05:35:41"
"593148","https://api.github.com/repos/apache/james-jspf","13369","james-jspf","Mirror of Apache James jSPF","Java","2011-11-25 08:00:22",,"0","2016-02-06 05:35:41"
"593154","https://api.github.com/repos/apache/james-protocols","13369","james-protocols","Mirror of Apache James protocols","Java","2011-09-28 07:00:09",,"0","2016-02-06 05:35:41"
"593163","https://api.github.com/repos/apache/james-postage","13369","james-postage","Mirror of Apache James postage","Java","2012-07-15 07:00:27",,"0","2016-02-06 05:35:41"
"609824","https://api.github.com/repos/apache/mina-sshd","13369","mina-sshd","Mirror of Apache MINA SSHD","Java","2010-05-26 23:38:08",,"0","2016-02-06 05:35:41"
"615137","https://api.github.com/repos/apache/commons-collections","13369","commons-collections","Mirror of Apache Commons Collections","Java","2009-05-21 01:12:20",,"0","2016-03-29 16:16:01"
"615376","https://api.github.com/repos/apache/maven-integration-testing","13369","maven-integration-testing","Mirror of Apache Maven Integration Testing","Java","2010-11-17 08:00:07",,"0","2016-02-06 05:35:41"
"615597","https://api.github.com/repos/apache/empire-db","13369","empire-db","Mirror of Apache Empire-db","Java","2011-07-14 07:03:04",,"0","2016-02-06 05:35:41"
"623270","https://api.github.com/repos/apache/karaf-webconsole","13369","karaf-webconsole","Mirror of Apache Karaf WebConsole","Java","2012-08-02 07:00:17",,"0","2016-02-06 05:35:41"
"624091","https://api.github.com/repos/apache/maven-plugin-testing","13369","maven-plugin-testing","Mirror of Apache Maven plugin testing","Java","2009-05-21 02:08:54",,"0","2016-02-06 05:35:42"
"633551","https://api.github.com/repos/apache/stanbol","13369","stanbol","Mirror of Apache Stanbol (incubating)","Java","2010-12-11 08:00:07",,"0","2016-02-06 05:35:41"
"638872","https://api.github.com/repos/apache/qpid-proton","13369","qpid-proton","Mirror of Apache Qpid Proton","Java","2014-11-07 08:00:07",,"0","2016-02-06 05:35:41"
"640893","https://api.github.com/repos/apache/abdera","13369","abdera","Mirror of Apache Abdera","Java","2009-05-21 03:21:27",,"0","2016-02-06 05:35:41"
"646365","https://api.github.com/repos/apache/lucene","13369","lucene","Mirror of Apache Lucene Java","Java","2009-03-27 14:41:58",,"1","2015-10-15 06:15:19"
"665467","https://api.github.com/repos/apache/tapestry-5","13369","tapestry-5","Mirror of Apache Tapestry 5","Java","2012-05-23 07:00:11",,"0","2016-02-06 05:35:41"
"668346","https://api.github.com/repos/apache/incubator-cloudstack","13369","incubator-cloudstack","Mirror of Apache CloudStack","Java","2012-07-30 05:01:02",,"1","0000-00-00 00:00:00"
"675061","https://api.github.com/repos/apache/chemistry-opencmis","13369","chemistry-opencmis","Mirror of Apache Chemistry OpenCMIS","Java","2012-01-19 08:00:11",,"0","2016-02-06 05:35:42"
"686459","https://api.github.com/repos/apache/archiva","13369","archiva","Mirror of Apache Archiva","Java","2014-04-10 07:00:07",,"0","2016-02-06 05:35:42"
"686472","https://api.github.com/repos/apache/batik","13369","batik","Mirror of Apache Batik","Java","2009-05-21 02:32:14",,"0","2016-02-06 05:35:42"
"695047","https://api.github.com/repos/apache/flex-falcon","13369","flex-falcon","Mirror of Apache Flex Falcon","Java","2012-08-30 07:00:20",,"0","2016-02-06 05:35:42"
"699871","https://api.github.com/repos/apache/incubator-drill","13369","incubator-drill","Mirror of Apache Drill (Incubating)","Java","2012-09-05 05:00:26",,"1","0000-00-00 00:00:00"
"701381","https://api.github.com/repos/apache/ftpserver","13369","ftpserver","Mirror of Apache FtpServer","Java","2011-04-21 07:00:07",,"0","2016-02-06 05:35:42"
"704428","https://api.github.com/repos/apache/sling","13369","sling","Mirror of Apache Sling","Java","2009-03-27 15:41:54",,"0","2016-02-06 05:35:42"
"735781","https://api.github.com/repos/apache/fop","13369","fop","Mirror of Apache FOP","Java","2009-05-21 00:26:43",,"0","2016-02-06 05:35:42"
"755676","https://api.github.com/repos/apache/xmlbeans","13369","xmlbeans","Mirror of Apache XMLBeans","Java","2009-08-06 08:06:50",,"0","2016-02-06 05:35:42"
"761793","https://api.github.com/repos/apache/openwebbeans","13369","openwebbeans","Mirror of Apache OpenWebBeans","Java","2011-01-28 08:00:11",,"0","2016-02-06 05:35:42"
"789770","https://api.github.com/repos/apache/myfaces","13369","myfaces","Mirror of Apache MyFaces","Java","2009-08-06 08:00:20",,"0","2016-02-06 05:35:42"
"806053","https://api.github.com/repos/apache/synapse","13369","synapse","Mirror of Apache Synapse","Java","2009-05-21 01:01:59",,"0","2016-02-06 05:35:42"
"813836","https://api.github.com/repos/apache/vysper","13369","vysper","Mirror of Apache Vysper","Java","2011-04-20 07:00:09",,"0","2016-02-06 05:35:42"
"833128","https://api.github.com/repos/apache/directory-server","13369","directory-server","Mirror of Apache Directory Server","Java","2009-05-21 02:25:07",,"0","2016-02-06 05:35:42"
"868557","https://api.github.com/repos/apache/tomcat60","13369","tomcat60","Mirror of Apache Tomcat 6.0.x","Java","2009-03-27 15:41:57",,"0","2016-02-06 05:35:42"
"875009","https://api.github.com/repos/apache/servicemix-components","13369","servicemix-components","Mirror of Apache ServiceMix components","Java","2010-12-14 08:00:08",,"0","2016-02-06 05:35:42"
"875010","https://api.github.com/repos/apache/servicemix4-nmr","13369","servicemix4-nmr","Mirror of Apache Servicemix 4 NMR","Java","2009-06-12 08:00:36",,"0","2016-02-06 05:35:42"
"875013","https://api.github.com/repos/apache/servicemix4-features","13369","servicemix4-features","Mirror of Apache Servicemix 4 features","Java","2009-06-12 08:03:43",,"0","2016-02-06 05:35:42"
"875396","https://api.github.com/repos/apache/servicemix4-bundles","13369","servicemix4-bundles","Mirror of Apache Servicemix 4 bundles","Java","2009-06-12 08:01:13",,"0","2016-02-06 05:35:42"
"875400","https://api.github.com/repos/apache/servicemix4-specs","13369","servicemix4-specs","Mirror of Apache Servicemix 4 specs","Java","2009-06-12 08:05:23",,"0","2016-02-06 05:35:42"
"876618","https://api.github.com/repos/apache/manifoldcf","13369","manifoldcf","Mirror of Apache ManifoldCF","Java","2012-06-22 07:00:16",,"0","2016-02-06 05:35:42"
"878965","https://api.github.com/repos/apache/ace","13369","ace","Mirror of Apache ACE (incubating)","Java","2010-05-26 23:38:08",,"0","2016-02-06 05:35:42"
"879234","https://api.github.com/repos/apache/opennlp","13369","opennlp","Mirror of Apache OpenNLP (Incubating)","Java","2011-11-09 08:00:09",,"0","2016-02-06 05:35:42"
"900852","https://api.github.com/repos/apache/incubator-crunch","13369","incubator-crunch","Mirror of Apache Crunch","Java","2012-07-15 05:00:26",,"1","0000-00-00 00:00:00"
"944188","https://api.github.com/repos/apache/harmony","13369","harmony","Mirror of Apache Harmony","Java","2010-05-26 23:38:08",,"0","2016-02-06 05:35:42"
"955325","https://api.github.com/repos/apache/chainsaw","13369","chainsaw","Mirror of Apache Chainsaw","Java","2009-05-20 02:00:33",,"0","2016-02-06 05:35:43"
"965322","https://api.github.com/repos/apache/cocoon","13369","cocoon","Mirror of Apache Cocoon","Java","2009-05-21 02:12:25",,"0","2016-02-06 05:35:43"
"1010222","https://api.github.com/repos/apache/axis2-java","13369","axis2-java","Mirror of Apache Axis2/Java","Java","2009-05-21 00:54:42",,"0","2016-02-06 05:35:43"
"1071689","https://api.github.com/repos/apache/rave","13369","rave","Mirror of Apache Rave","Java","2014-03-19 07:00:06",,"0","2016-02-06 05:35:43"
"1077077","https://api.github.com/repos/apache/geronimo","13369","geronimo","Mirror of Apache Geronimo","Java","2009-07-01 08:09:43",,"0","2016-02-06 05:35:43"
"1080337","https://api.github.com/repos/apache/harmony-classlib","13369","harmony-classlib","Mirror of Apache Harmony classlib","Java","2009-05-21 01:36:05",,"0","2016-02-06 05:35:43"
"1083010","https://api.github.com/repos/apache/james-mime4j","13369","james-mime4j","Mirror of Apache James Mime4j","Java","2011-12-09 08:00:19",,"0","2016-02-06 05:35:43"
"1133539","https://api.github.com/repos/apache/tuscany-sca-2.x","13369","tuscany-sca-2.x","Mirror of Apache Tuscany SCA 2.x","Java","2009-11-30 09:00:10",,"0","2016-02-06 05:35:43"
"1144153","https://api.github.com/repos/apache/lenya","13369","lenya","Mirror of Apache Lenya","Java","2011-12-26 08:00:11",,"0","2016-02-06 05:35:43"
"1151135","https://api.github.com/repos/apache/directory-studio","13369","directory-studio","Mirror of Apache Directory Studio","Java","2009-05-20 01:52:19",,"0","2016-02-06 05:35:43"
"1151159","https://api.github.com/repos/apache/geronimo-devtools","13369","geronimo-devtools","Mirror of Apache Geronimo Devtools","Java","2011-01-28 08:00:12",,"0","2016-02-06 05:35:43"
"1151160","https://api.github.com/repos/apache/directory-shared","13369","directory-shared","Mirror of Apache Directory Shared","Java","2009-05-21 00:58:22",,"0","2016-02-06 05:35:43"
"1151182","https://api.github.com/repos/apache/servicemix-utils","13369","servicemix-utils","Mirror of Apache Servicemix utils","Java","2009-06-12 08:05:14",,"0","2016-02-06 05:35:43"
"1151310","https://api.github.com/repos/apache/james-imap","13369","james-imap","Mirror of Apache James IMAP","Java","2011-08-23 07:00:11",,"0","2016-02-06 05:35:43"
"1151318","https://api.github.com/repos/apache/geronimo-xbean","13369","geronimo-xbean","Mirror of Apache Geronimo xbean","Java","2009-07-01 08:09:07",,"0","2016-02-06 05:35:43"
"1151333","https://api.github.com/repos/apache/servicemix-archetypes","13369","servicemix-archetypes","Mirror of Apache Servicemix archetypes","Java","2009-06-12 08:00:47",,"0","2016-02-06 05:35:43"
"1151342","https://api.github.com/repos/apache/derby","13369","derby","Mirror of Apache Derby","Java","2011-06-19 07:00:34",,"0","2016-02-06 05:35:43"
"1166386","https://api.github.com/repos/apache/xalan-j","13369","xalan-j","Mirror of Apache Xalan Java","Java","2009-03-27 15:41:55",,"0","2016-02-06 05:35:43"
"1193995","https://api.github.com/repos/apache/tiles-autotag","13369","tiles-autotag","Mirror of Apache Tiles Autotag","Java","2012-05-09 07:00:16",,"0","2016-02-06 05:35:43"
"1223023","https://api.github.com/repos/apache/clerezza","13369","clerezza","Mirror of Apache Clerezza","Java","2011-02-12 08:00:07",,"0","2016-02-06 05:35:43"
"1243484","https://api.github.com/repos/apache/wss4j","13369","wss4j","Mirror of Apache WSS4J","Java","2009-06-18 08:00:19",,"0","2016-02-06 05:35:44"
"1245553","https://api.github.com/repos/apache/wink","13369","wink","Mirror of Apache Wink (incubating)","Java","2009-07-10 08:00:18",,"0","2016-02-06 05:35:44"
"1254149","https://api.github.com/repos/apache/xerces2-j","13369","xerces2-j","Mirror of Apache Xerces2 Java","Java","2010-11-15 08:00:08",,"0","2016-02-06 05:35:44"
"1259566","https://api.github.com/repos/apache/jsecurity","13369","jsecurity","Mirror of Apache JSecurity (incubating)","Java","2009-05-21 01:32:23",,"0","2016-02-06 05:35:44"
"1294251","https://api.github.com/repos/apache/tiles-request","13369","tiles-request","Mirror of Apache Tiles Request","Java","2012-05-09 07:00:15",,"0","2016-02-06 05:35:44"
"1332930","https://api.github.com/repos/apache/ode","13369","ode","Mirror of Apache ODE","Java","2009-05-21 02:41:15",,"0","2016-02-06 05:35:44"
"1358246","https://api.github.com/repos/apache/maven-doxia-sitetools","13369","maven-doxia-sitetools","Mirror of Apache Maven Doxia sitetools","Java","2009-05-21 01:42:15",,"0","2016-02-06 05:35:44"
"1380752","https://api.github.com/repos/apache/jspwiki","13369","jspwiki","Mirror of Apache JSPWiki (incubating)","Java","2009-03-27 15:41:58",,"0","2016-02-06 05:35:44"
"1413823","https://api.github.com/repos/apache/maven-app-engine","13369","maven-app-engine","Mirror of Apache Maven App Engine","Java","2011-11-06 07:00:10",,"0","2016-02-06 05:35:44"
"1496107","https://api.github.com/repos/apache/jena-iri","13369","jena-iri","Mirror of Apache Jena - IRI (Incubating)","Java","2011-11-13 07:00:20",,"1","0000-00-00 00:00:00"
"1619385","https://api.github.com/repos/apache/cordova-android","13369","cordova-android","Mirror of Apache Cordova Android","Java","2012-11-28 08:00:22",,"0","2016-02-06 05:35:44"
"1630221","https://api.github.com/repos/apache/odftoolkit","13369","odftoolkit","Mirror of Apache ODF Toolkit (incubating)","Java","2012-07-28 07:00:12",,"0","2016-02-06 05:35:44"
"1678525","https://api.github.com/repos/apache/james-mailet","13369","james-mailet","Mirror of Apache James Mailet","Java","2012-12-03 08:00:27",,"0","2016-02-06 05:35:44"
"1816542","https://api.github.com/repos/apache/isis","13369","isis","Apache Isisâ„¢ software is a framework for rapidly developing domain-driven apps in Java. Write your business logic in entities, domain services or view models, and the framework dynamically generates a representation of that domain model as a webapp or as ","Java","2012-11-30 08:00:24",,"0","2016-02-06 05:35:45"
"1953682","https://api.github.com/repos/apache/maven-shared","13369","maven-shared","Mirror of Apache Maven shared","Java","2009-05-21 01:21:13",,"0","2016-02-06 05:35:45"
"1958216","https://api.github.com/repos/apache/jena","13369","jena","Mirror of Apache Jena","Java","2013-01-04 08:00:32",,"0","2016-02-06 05:35:45"
"1961556","https://api.github.com/repos/apache/commons-validator","13369","commons-validator","Mirror of Apache Commons Validator","Java","2010-09-26 07:00:19",,"0","2016-02-06 05:35:45"
"2004303","https://api.github.com/repos/apache/cxf-dosgi","13369","cxf-dosgi","Mirror of Apache CXF","Java","2014-03-08 08:00:07",,"0","2016-02-06 05:35:45"
"2004869","https://api.github.com/repos/apache/ivyde","13369","ivyde","Mirror of Apache IvyDE","Java","2009-05-20 23:01:42",,"1","0000-00-00 00:00:00"
"2146751","https://api.github.com/repos/apache/maven-indexer","13369","maven-indexer","Mirror of Apache Maven Indexer","Java","2014-04-22 07:00:07",,"0","2016-02-06 05:35:45"
"2159222","https://api.github.com/repos/apache/incubator-helix","13369","incubator-helix","Mirror of Apache Helix (Incubating)","Java","2012-10-24 05:00:13",,"1","0000-00-00 00:00:00"
"2199787","https://api.github.com/repos/apache/maven-ant-tasks","13369","maven-ant-tasks","Mirror of Apache Maven ant tasks","Java","2009-05-21 02:08:07",,"0","2016-02-06 05:35:45"
"2208781","https://api.github.com/repos/apache/commons-exec","13369","commons-exec","Mirror of Apache Commons Exec","Java","2011-10-15 07:00:08",,"0","2016-02-06 05:35:45"
"2219591","https://api.github.com/repos/apache/commons-compress","13369","commons-compress","Mirror of Apache Commons Compress","Java","2011-10-15 07:00:08",,"0","2016-02-06 05:35:45"
"2220908","https://api.github.com/repos/apache/cxf-fediz","13369","cxf-fediz","Mirror of Apache CXF","Java","2014-03-08 08:00:07",,"0","2016-02-06 05:35:45"
"2225904","https://api.github.com/repos/apache/geronimo-javamail","13369","geronimo-javamail","Mirror of Apache Geronimo javamail","Java","2009-07-01 08:15:28",,"0","2016-02-06 05:35:45"
"2225905","https://api.github.com/repos/apache/geronimo-genesis","13369","geronimo-genesis","Mirror of Apache Geronimo genesis","Java","2009-07-01 08:07:45",,"0","2016-02-06 05:35:45"
"2225906","https://api.github.com/repos/apache/geronimo-gshell","13369","geronimo-gshell","Mirror of Apache Geronimo gshell","Java","2009-07-01 08:14:25",,"0","2016-02-06 05:35:45"
"2225908","https://api.github.com/repos/apache/geronimo-txmanager","13369","geronimo-txmanager","Mirror of Apache Geronimo txmanager","Java","2011-01-28 08:00:11",,"0","2016-02-06 05:35:45"
"2225918","https://api.github.com/repos/apache/maven-archetype","13369","maven-archetype","Mirror of Apache Maven archetype","Java","2009-05-21 08:40:29",,"0","2016-02-06 05:35:45"
"2225935","https://api.github.com/repos/apache/servicemix4-kernel","13369","servicemix4-kernel","Mirror of Apache Servicemix 4 kernel","Java","2009-06-12 08:03:25",,"0","2016-02-06 05:35:45"
"2227981","https://api.github.com/repos/apache/santuario-java","13369","santuario-java","Mirror of Apache Santuario Java","Java","2011-07-23 07:00:31",,"0","2016-02-06 05:35:46"
"2228047","https://api.github.com/repos/apache/myfaces-extcdi","13369","myfaces-extcdi","Mirror of Apache MyFaces ExtCDI (CODI)","Java","2010-11-11 08:00:17",,"0","2016-02-06 05:35:46"
"2235778","https://api.github.com/repos/apache/servicemix3","13369","servicemix3","Mirror of Apache Servicemix 3","Java","2009-06-12 08:04:00",,"0","2016-02-06 05:35:46"
"2247020","https://api.github.com/repos/apache/pivot","13369","pivot","Mirror of Apache Pivot","Java","2011-08-18 07:00:12",,"0","2016-02-06 05:35:46"
"2270715","https://api.github.com/repos/apache/redback-core","13369","redback-core","Mirror of Apache Redback core","Java","2012-04-28 05:00:26",,"1","0000-00-00 00:00:00"
"2273778","https://api.github.com/repos/apache/servicemix-maven-plugins","13369","servicemix-maven-plugins","Mirror of Apache Servicemix Maven plug-ins","Java","2009-06-12 08:05:21",,"0","2016-02-06 05:35:46"
"2274692","https://api.github.com/repos/apache/streams","13369","streams","Mirror of Apache Streams (Incubating)","Java","2014-04-18 07:00:10",,"0","2016-02-06 05:35:46"
"2295895","https://api.github.com/repos/apache/commons-net","13369","commons-net","Mirror of Apache Commons Net","Java","2012-12-11 08:00:16",,"0","2016-02-06 05:35:46"
"2308433","https://api.github.com/repos/apache/webservices-axiom","13369","webservices-axiom","Mirror of Apache Web Services Axiom","Java","2011-07-30 07:00:08",,"0","2016-02-06 05:35:46"
"2317183","https://api.github.com/repos/apache/sandesha","13369","sandesha","Mirror of Apache Sandesha","Java","2011-08-13 07:01:15",,"0","2016-02-06 05:35:46"
"2336063","https://api.github.com/repos/apache/cayenne","13369","cayenne","Mirror of Apache Cayenne","Java","2009-05-21 01:05:37",,"0","2016-02-06 05:35:46"
"2407142","https://api.github.com/repos/apache/struts1","13369","struts1","Mirror of Apache Struts 1","Java","2009-05-21 01:36:19",,"0","2016-02-06 05:35:47"
"2409579","https://api.github.com/repos/apache/oodt","13369","oodt","Mirror of Apache OODT","Java","2013-01-21 08:00:15",,"0","2016-02-06 05:35:46"
"2421539","https://api.github.com/repos/apache/maven-plugin-tools","13369","maven-plugin-tools","Mirror of Apache Maven plugin tools","Java","2009-05-21 08:41:42",,"0","2016-02-06 05:35:46"
"2424734","https://api.github.com/repos/apache/maven-jxr","13369","maven-jxr","Mirror of Apache Maven jxr","Java","2009-05-21 02:28:15",,"0","2016-02-06 05:35:46"
"2425532","https://api.github.com/repos/apache/redback-components","13369","redback-components","Mirror of Apache Redback components","Java","2012-04-28 07:00:27",,"0","2016-02-06 05:35:46"
"2437290","https://api.github.com/repos/apache/incubator-hdt","13369","incubator-hdt","Mirror of Apache HDT (Incubating)","Java","2013-01-05 08:00:24",,"0","2016-02-06 05:35:46"
"2446328","https://api.github.com/repos/apache/karaf-cave","13369","karaf-cave","Mirror of Apache Karaf Cave","Java","2012-06-04 07:00:25",,"0","2016-02-06 05:35:47"
"2450873","https://api.github.com/repos/apache/rampart","13369","rampart","Mirror of Apache Rampart","Java","2011-08-14 07:00:07",,"0","2016-02-06 05:35:47"
"2470321","https://api.github.com/repos/apache/tomee","13369","tomee","Mirror of Apache Tomee","Java","2013-01-22 08:00:16",,"0","2016-02-06 05:35:47"
"2567997","https://api.github.com/repos/apache/commons-transaction","13369","commons-transaction","Mirror of Apache Commons Transaction","Java","2009-12-11 09:00:14",,"0","2016-02-06 05:35:47"
"2744281","https://api.github.com/repos/apache/axis1","13369","axis1","Mirror of Apache Axis1","Java","2009-05-21 02:48:48",,"0","2016-02-06 05:35:47"
"2751596","https://api.github.com/repos/apache/struts-sandbox","13369","struts-sandbox","Mirror of Apache Struts Sandbox","Java","2009-05-21 01:42:37",,"0","2016-02-06 05:35:47"
"2762751","https://api.github.com/repos/apache/myfaces-extval","13369","myfaces-extval","Mirror of Apache MyFaces ExtVal","Java","2010-11-11 08:00:18",,"0","2016-02-06 05:35:47"
"2765265","https://api.github.com/repos/apache/axis2-transports","13369","axis2-transports","Mirror of Apache Axis2 transports","Java","2011-08-11 07:01:22",,"0","2016-02-06 05:35:47"
"2783576","https://api.github.com/repos/apache/river","13369","river","Mirror of Apache River (incubating)","Java","2009-05-21 01:24:15",,"0","2016-02-06 05:35:47"
"2836469","https://api.github.com/repos/apache/continuum","13369","continuum","Mirror of Apache Continuum","Java","2009-05-21 02:05:27",,"0","2016-02-06 05:35:47"
"2848665","https://api.github.com/repos/apache/creadur-rat","13369","creadur-rat","Mirror of Apache Creadur - RAT","Java","2012-10-11 07:00:29",,"0","2016-02-06 05:35:47"
"2857350","https://api.github.com/repos/apache/xml-graphics-commons","13369","xml-graphics-commons","Mirror of Apache XML Graphics Commons","Java","2009-05-21 01:35:45",,"0","2016-02-06 05:35:47"
"2895618","https://api.github.com/repos/apache/webservices-neethi","13369","webservices-neethi","Mirror of Apache Web Services Neethi","Java","2009-06-22 08:01:15",,"0","2016-02-06 05:35:47"
"2897449","https://api.github.com/repos/apache/commons-configuration","13369","commons-configuration","Mirror of Apache Commons Configuration","Java","2013-02-26 08:00:12",,"0","2016-02-06 05:35:47"
"2916357","https://api.github.com/repos/apache/cordova-blackberry-webworks","13369","cordova-blackberry-webworks","Mirror of Apache Cordova blackberry-webworks","Java","2012-11-28 07:00:28",,"1","0000-00-00 00:00:00"
"3323931","https://api.github.com/repos/apache/photark","13369","photark","Mirror of Apache Photark (incubating)","Java","2010-08-12 03:32:41",,"0","2016-02-06 05:35:47"
"3353349","https://api.github.com/repos/apache/syncope","13369","syncope","Mirror of Apache Syncope","Java","2014-10-23 07:00:10",,"0","2016-02-06 05:36:38"
"3370321","https://api.github.com/repos/apache/incubator-tajo","13369","incubator-tajo","Mirror of Apache Tajo","Java","2014-03-21 07:00:07",,"0","2016-02-06 05:36:38"
"3451206","https://api.github.com/repos/apache/juddi","13369","juddi","Mirror of Apache jUDDI","Java","2014-02-21 08:00:09",,"0","2016-02-06 05:36:38"
"3487602","https://api.github.com/repos/apache/tez","13369","tez","Mirror of Apache Tez","Java","2013-04-08 07:20:23",,"0","2016-02-06 05:36:38"
"3512689","https://api.github.com/repos/apache/crunch","13369","crunch","Mirror of Apache Crunch (Incubating)","Java","2012-10-19 07:00:12",,"0","2016-02-06 05:36:38"
"3544575","https://api.github.com/repos/apache/bval","13369","bval","Mirror of Apache Bean Validation","Java","2011-02-02 08:00:07",,"0","2016-02-06 05:36:38"
"3546326","https://api.github.com/repos/apache/ode-jacob","13369","ode-jacob","Mirror of Apache Ode Jacob","Java","2013-04-29 22:27:17",,"0","2016-02-06 05:36:38"
"3553365","https://api.github.com/repos/apache/log4j-extras","13369","log4j-extras","Mirror of Apache log4j extras","Java","2010-05-26 23:38:08",,"0","2016-02-06 05:36:38"
"3596605","https://api.github.com/repos/apache/cloudstack","13369","cloudstack","Mirror of Apache Cloudstack","Java","2013-04-29 22:27:12",,"0","2016-02-06 05:36:38"
"3607856","https://api.github.com/repos/apache/archiva-sandbox","13369","archiva-sandbox","Mirror of Apache Archiva sandbox","Java","2011-10-25 07:00:12",,"0","2016-02-06 05:36:38"
"3678411","https://api.github.com/repos/apache/rat","13369","rat","Mirror of Apache RAT (incubating)","Java","2009-05-20 02:01:32",,"0","2016-02-06 05:36:38"
"3683159","https://api.github.com/repos/apache/tomcat55","13369","tomcat55","Mirror of Apache Tomcat 5.5.x","Java","2010-08-12 03:32:40",,"0","2016-02-06 05:36:38"
"3860273","https://api.github.com/repos/apache/maven-resources","13369","maven-resources","Mirror of Apache Maven resources","Java","2009-05-20 02:01:27",,"0","2016-02-06 05:36:38"
"3896106","https://api.github.com/repos/apache/maven-sandbox","13369","maven-sandbox","Mirror of Apache Maven sandbox","Java","2009-05-21 02:09:15",,"0","2016-02-06 05:36:38"
"3906463","https://api.github.com/repos/apache/forrest","13369","forrest","Mirror of Apache Forrest","Java","2010-10-16 07:00:22",,"0","2016-02-06 05:36:38"
"3955552","https://api.github.com/repos/apache/deltaspike","13369","deltaspike","Mirror of Apache Deltaspike","Java","2013-06-04 07:00:12",,"0","2016-02-06 05:36:39"
"4039583","https://api.github.com/repos/apache/sis","13369","sis","Mirror of Apache SIS","Java","2013-06-11 07:00:15",,"0","2016-02-06 05:36:39"
"4055419","https://api.github.com/repos/apache/incubator-provisionr","13369","incubator-provisionr","Mirror of Apache Provisionr (Incubating)","Java","2013-06-12 07:00:18",,"0","2016-02-06 05:36:39"
"4254863","https://api.github.com/repos/apache/incubator-tez","13369","incubator-tez","Mirror of Apache Tez (Incubating)","Java","2013-06-12 07:00:18",,"0","2016-02-06 05:36:39"
"4280544","https://api.github.com/repos/apache/cordova-plugin-inappbrowser","13369","cordova-plugin-inappbrowser","Mirror of Apache Cordova Plugin inappbrowser","Java","2013-06-22 07:00:17",,"0","2016-02-06 05:36:39"
"4416546","https://api.github.com/repos/apache/pluto","13369","pluto","Mirror of Apache Pluto","Java","2009-05-21 01:09:18",,"0","2016-02-06 05:36:39"
"4428033","https://api.github.com/repos/apache/commons-imaging","13369","commons-imaging","Mirror of Apache Commons Imaging","Java","2013-07-11 07:00:17",,"0","2016-02-06 05:36:39"
"4523189","https://api.github.com/repos/apache/commons-csv","13369","commons-csv","Mirror of Apache Commons CSV","Java","2013-06-12 07:00:17",,"0","2016-02-06 05:36:39"
"4564224","https://api.github.com/repos/apache/commons-functor","13369","commons-functor","Mirror of Apache Commons Functor","Java","2013-07-11 07:00:16",,"0","2016-02-06 05:36:39"
"4623865","https://api.github.com/repos/apache/oltu","13369","oltu","Mirror of Apache Oltu","Java","2013-05-28 07:00:14",,"0","2016-02-06 05:36:39"
"4689250","https://api.github.com/repos/apache/commons-vfs","13369","commons-vfs","Mirror of Apache Commons VFS","Java","2013-07-13 07:00:13",,"0","2016-02-06 05:36:39"
"4702136","https://api.github.com/repos/apache/commons-dbcp","13369","commons-dbcp","Mirror of Apache Commons DBCP","Java","2013-07-10 07:00:11",,"0","2016-02-06 05:36:39"
"4702340","https://api.github.com/repos/apache/commons-pool","13369","commons-pool","Mirror of Apache Commons Pool","Java","2013-07-08 07:00:28",,"0","2016-02-06 05:36:40"
"4711200","https://api.github.com/repos/apache/commons-email","13369","commons-email","Mirror of Apache Commons Email","Java","2013-07-11 07:00:16",,"0","2016-02-06 05:36:40"
"4712243","https://api.github.com/repos/apache/commons-proxy","13369","commons-proxy","Mirror of Apache Commons Proxy","Java","2013-07-10 07:00:15",,"0","2016-02-06 05:36:40"
"4714517","https://api.github.com/repos/apache/incubator-falcon","13369","incubator-falcon","Mirror of Apache Falcon","Java","2013-07-20 05:00:14",,"1","0000-00-00 00:00:00"
"4743988","https://api.github.com/repos/apache/logging-log4j2","13369","logging-log4j2","Mirror of Apache Logging Log4J2","Java","2013-06-12 07:00:19",,"0","2016-02-06 05:36:40"
"4755495","https://api.github.com/repos/apache/qpid-jms","13369","qpid-jms","Mirror of Apache Qpid JMS","Java","2014-09-24 07:00:07",,"0","2016-02-06 05:36:40"
"4805061","https://api.github.com/repos/apache/commons-dbutils","13369","commons-dbutils","Mirror of Apache Commons DbUtils","Java","2013-07-12 07:00:18",,"0","2016-02-06 05:36:40"
"4825402","https://api.github.com/repos/apache/commons-chain","13369","commons-chain","Mirror of Apache Commons Chain","Java","2013-07-12 07:00:17",,"0","2016-02-06 05:36:40"
"4859589","https://api.github.com/repos/apache/commons-bsf","13369","commons-bsf","Mirror of Apache Commons BSF","Java","2013-07-12 07:00:16",,"0","2016-02-06 05:36:40"
"4907482","https://api.github.com/repos/apache/tapestry4","13369","tapestry4","Mirror of Apache Tapestry 4","Java","2009-03-27 15:41:53",,"0","2016-02-06 05:36:40"
"4918152","https://api.github.com/repos/apache/myfaces-html5","13369","myfaces-html5","Mirror of Apache MyFaces Html5 Renderkit","Java","2010-09-18 07:00:07",,"0","2016-02-06 05:36:40"
"4941463","https://api.github.com/repos/apache/creadur-whisker","13369","creadur-whisker","Mirror of Apache Whisker","Java","2013-04-29 22:27:14",,"0","2016-02-06 05:36:40"
"4976741","https://api.github.com/repos/apache/incubator-metamodel","13369","incubator-metamodel","Mirror of Apache Metamodel","Java","2013-08-07 05:00:14",,"1","0000-00-00 00:00:00"
"5025758","https://api.github.com/repos/apache/commons-jci","13369","commons-jci","Mirror of Apache Commons JCI","Java","2013-07-11 07:00:17",,"0","2016-02-06 05:36:40"
"5139821","https://api.github.com/repos/apache/commons-jcs","13369","commons-jcs","Mirror of Apache Commons JCS","Java","2013-07-10 07:00:13",,"0","2016-02-06 05:36:40"
"5370494","https://api.github.com/repos/apache/commons-bcel","13369","commons-bcel","Mirror of Apache Commons BCEL","Java","2013-07-13 07:00:12",,"0","2016-02-06 05:36:40"
"5391325","https://api.github.com/repos/apache/kandula","13369","kandula","Mirror of Apache Kandula","Java","2011-08-12 07:00:09",,"0","2016-02-06 05:36:40"
"5407956","https://api.github.com/repos/apache/commons-ognl","13369","commons-ognl","Mirror of Apache Commons OGNL","Java","2013-07-10 07:00:15",,"0","2016-02-06 05:36:40"
"5468686","https://api.github.com/repos/apache/incubator-sentry","13369","incubator-sentry","Mirror of Apache Sentry","Java","2013-08-29 07:00:18",,"0","2016-02-06 05:36:40"
"5550001","https://api.github.com/repos/apache/incubator-ambari","13369","incubator-ambari","Mirror of Apache Ambari (Incubating)","Java","2013-09-09 07:00:15",,"0","2016-02-06 05:36:40"
"5647179","https://api.github.com/repos/apache/directory-clients","13369","directory-clients","Mirror of Apache Directory Clients","Java","2009-05-21 01:03:34",,"0","2016-02-06 05:36:41"
"5683019","https://api.github.com/repos/apache/commons-el","13369","commons-el","Mirror of Apache Commons EL","Java","2013-07-11 07:00:16",,"0","2016-02-06 05:36:41"
"5705190","https://api.github.com/repos/apache/commons-jxpath","13369","commons-jxpath","Mirror of Apache Commons JXPath","Java","2013-07-10 07:00:14",,"0","2016-02-06 05:36:41"
"5801942","https://api.github.com/repos/apache/incubator-knox","13369","incubator-knox","Mirror of Apache Knox (Incubating)","Java","2013-10-01 07:00:12",,"0","2016-02-06 05:36:41"
"5908904","https://api.github.com/repos/apache/commons-beanutils","13369","commons-beanutils","Mirror of Apache Commons Beanutils","Java","2013-06-12 07:00:16",,"0","2016-02-06 05:36:41"
"5920656","https://api.github.com/repos/apache/commons-jelly","13369","commons-jelly","Mirror of Apache Commons Jelly","Java","2013-07-10 07:00:13",,"0","2016-02-06 05:36:41"
"5993244","https://api.github.com/repos/apache/commons-discovery","13369","commons-discovery","Mirror of Apache Commons Discovery","Java","2013-07-11 07:00:15",,"0","2016-02-06 05:36:41"
"5993446","https://api.github.com/repos/apache/commons-jexl","13369","commons-jexl","Mirror of Apache Commons Jexl","Java","2013-07-10 07:00:14",,"0","2016-02-06 05:36:41"
"5993689","https://api.github.com/repos/apache/commons-launcher","13369","commons-launcher","Mirror of Apache Commons Launcher","Java","2013-07-10 07:00:14",,"0","2016-02-06 05:36:41"
"5993691","https://api.github.com/repos/apache/commons-modeler","13369","commons-modeler","Mirror of Apache Commons Modeler","Java","2013-07-10 07:00:14",,"0","2016-02-06 05:36:41"
"5993694","https://api.github.com/repos/apache/commons-primitives","13369","commons-primitives","Mirror of Apache Commons Primitives","Java","2013-07-10 07:00:15",,"0","2016-02-06 05:36:41"
"6027158","https://api.github.com/repos/apache/commons-digester","13369","commons-digester","Mirror of Apache Commons Digester","Java","2013-07-12 07:00:18",,"0","2016-03-29 17:24:11"
"6114555","https://api.github.com/repos/apache/manifoldcf-integration-solr-3.x","13369","manifoldcf-integration-solr-3.x","Mirror of Apache ManifoldCF solr-3.x Integration","Java","2013-08-07 07:00:16",,"0","2016-02-06 05:36:41"
"6116261","https://api.github.com/repos/apache/manifoldcf-integration-solr-4.x","13369","manifoldcf-integration-solr-4.x","Mirror of Apache ManifoldCF solr-4.x Integration","Java","2013-08-07 07:00:16",,"0","2016-02-06 05:36:41"
"6261438","https://api.github.com/repos/apache/incubator-batchee","13369","incubator-batchee","Mirror of Apache BatchEE","Java","2013-11-05 08:00:13",,"0","2016-02-06 05:36:41"
"6328518","https://api.github.com/repos/apache/click","13369","click","Mirror of Apache Click","Java","2013-11-08 08:00:11",,"0","2016-02-06 05:36:42"
"6405392","https://api.github.com/repos/apache/commons-attributes","13369","commons-attributes","Mirror of Apache Commons Attributes","Java","2013-07-13 07:00:12",,"0","2016-02-06 05:36:42"
"6419124","https://api.github.com/repos/apache/commons-weaver","13369","commons-weaver","Mirror of Apache Commons Weaver","Java","2013-10-25 07:00:33",,"0","2016-02-06 05:36:42"
"6420988","https://api.github.com/repos/apache/aurora","13369","incubator-aurora","Mirror of Apache Aurora","Java","2013-11-05 08:00:13",,"0","2016-02-06 05:36:42"
"6594395","https://api.github.com/repos/apache/velocity-tools","13369","velocity-tools","Mirror of Apache Velocity Tools","Java","2013-11-22 08:00:14",,"0","2016-02-06 05:36:42"
"6594398","https://api.github.com/repos/apache/velocity-engine","13369","velocity-engine","Mirror of Apache Velocity Engine","Java","2013-11-22 08:00:13",,"0","2016-02-06 05:36:42"
"6688215","https://api.github.com/repos/apache/uima-uimaj","13369","uima-uimaj","Mirror of uima/uimaj","Java","2013-11-29 08:00:16",,"0","2016-02-06 05:36:42"
"6799534","https://api.github.com/repos/apache/uima-addons","13369","uima-addons","Mirror of Apache UIMA addons","Java","2013-12-10 08:00:21",,"0","2016-02-06 05:36:42"
"6808397","https://api.github.com/repos/apache/axis1-java","13369","axis1-java","Mirror of Axis1 Java","Java","2013-12-04 08:00:21",,"0","2016-02-06 05:36:42"
"6917253","https://api.github.com/repos/apache/uima-ducc","13369","uima-ducc","Mirror of Apache UIMA uima-ducc","Java","2013-12-10 08:00:23",,"0","2016-02-06 05:36:42"
"6986114","https://api.github.com/repos/apache/webservices-xmlschema","13369","webservices-xmlschema","Mirror of Apache Web Services XMLSchema","Java","2009-06-22 08:00:26",,"0","2016-02-06 05:36:42"
"6987572","https://api.github.com/repos/apache/incubator-wave","13369","incubator-wave","Mirror of Apache Wave","Java","2013-12-17 08:00:14",,"0","2016-02-06 05:36:42"
"6989827","https://api.github.com/repos/apache/uima-ruta","13369","uima-ruta","Mirror of Apache UIMA ruta","Java","2013-12-10 08:00:24",,"0","2016-02-06 05:36:42"
"7025141","https://api.github.com/repos/apache/uima-uimafit","13369","uima-uimafit","Mirror of Apache UIMA uimafit","Java","2013-12-10 08:00:25",,"0","2016-02-06 05:36:42"
"7068455","https://api.github.com/repos/apache/uima-as","13369","uima-as","Mirror of Apache UIMA uima-as","Java","2013-12-10 08:00:23",,"0","2016-02-06 05:36:43"
"7254302","https://api.github.com/repos/apache/cordova-amazon-fireos","13369","cordova-amazon-fireos","Mirror of Apache Cordova","Java","2014-01-06 17:23:03",,"0","2016-02-06 05:36:43"
"7329148","https://api.github.com/repos/apache/karaf-eik","13369","karaf-eik","Mirror of Apache Karaf","Java","2014-01-06 17:23:04",,"0","2016-02-06 05:36:42"
"7393618","https://api.github.com/repos/apache/helix","13369","helix","Mirror of Apache Helix","Java","2014-01-13 08:00:06",,"0","2016-02-06 05:36:43"
"7420102","https://api.github.com/repos/apache/struts","13369","struts","Mirror of Apache Struts","Java","2014-01-15 08:00:08",,"0","2016-02-06 05:36:43"
"7474553","https://api.github.com/repos/apache/maven-artifact","13369","maven-artifact","Mirror of Apache Maven artifact","Java","2009-05-21 03:16:01",,"0","2016-02-06 05:36:44"
"7477894","https://api.github.com/repos/apache/jclouds","13369","jclouds","Mirror of Apache jclouds","Java","2014-01-07 08:00:06",,"0","2016-02-06 05:36:44"
"7486042","https://api.github.com/repos/apache/uima-sandbox","13369","uima-sandbox","Mirror of Apache UIMA sandbox","Java","2013-12-10 08:00:24",,"0","2016-02-06 05:36:44"
"7523518","https://api.github.com/repos/apache/incubator-vxquery","13369","incubator-vxquery","Mirror of Apache VXQuery","Java","2014-01-18 07:00:07",,"1","0000-00-00 00:00:00"
"7529447","https://api.github.com/repos/apache/jackrabbit-filevault","13369","jackrabbit-filevault","Mirror of Apache Jackrabbit FileVault","Java","2014-01-18 08:00:07",,"0","2016-02-06 05:36:44"
"7557072","https://api.github.com/repos/apache/marmotta","13369","marmotta","Mirror of Apache Marmotta","Java","2014-01-22 08:00:07",,"0","2016-02-06 05:36:44"
"7580309","https://api.github.com/repos/apache/log4j-zeroconf","13369","log4j-zeroconf","Mirror of Apache log4j zeroconf","Java","2010-05-26 23:38:08",,"0","2016-02-06 05:36:44"
"7580312","https://api.github.com/repos/apache/log4j-receivers","13369","log4j-receivers","Mirror of Apache log4j receivers","Java","2010-05-26 23:38:08",,"0","2016-02-06 05:36:44"
"7580318","https://api.github.com/repos/apache/log4j-component","13369","log4j-component","Mirror of Apache log4j component","Java","2010-05-26 23:38:07",,"0","2016-02-06 05:36:44"
"7659946","https://api.github.com/repos/apache/airavata","13369","airavata","Mirror of Apache Airavata","Java","2014-01-29 08:00:06",,"0","2016-02-06 05:36:44"
"7708966","https://api.github.com/repos/apache/incubator-twill","13369","incubator-twill","Mirror of Apache Twill","Java","2014-01-26 08:00:07",,"0","2016-02-06 05:36:44"
"7754845","https://api.github.com/repos/apache/wookie","13369","wookie","Mirror of Apache Wookie","Java","2014-02-03 08:00:07",,"0","2016-02-06 05:36:44"
"7816553","https://api.github.com/repos/apache/jackrabbit-ocm","13369","jackrabbit-ocm","Mirror of Apache Jackrabbit OCM","Java","2014-01-18 08:00:07",,"0","2016-02-06 05:36:44"
"8095841","https://api.github.com/repos/apache/river-container","13369","river-container","Mirror of Apache River","Java","2014-01-06 17:23:04",,"0","2016-02-06 05:36:45"
"8337847","https://api.github.com/repos/apache/knox","13369","knox","Mirror of Apache Knox","Java","2014-03-01 08:00:06",,"0","2016-02-06 05:36:45"
"8376617","https://api.github.com/repos/apache/curator","13369","curator","Mirror of Apache Curator","Java","2014-03-03 08:00:07",,"0","2016-02-06 05:36:45"
"8453318","https://api.github.com/repos/apache/cxf-xjc-utils","13369","cxf-xjc-utils","Mirror of Apache CXF","Java","2014-03-08 08:00:08",,"0","2016-02-06 05:36:45"
"8453319","https://api.github.com/repos/apache/cxf-build-utils","13369","cxf-build-utils","Mirror of Apache CXF","Java","2014-03-08 08:00:07",,"0","2016-02-06 05:36:45"
"8592560","https://api.github.com/repos/apache/struts-examples","13369","struts-examples","Mirror of Apache Struts","Java","2014-03-11 07:00:06",,"0","2016-02-06 05:36:45"
"8631454","https://api.github.com/repos/apache/incubator-samza-hello-samza","13369","incubator-samza-hello-samza","Mirror of Apache Samza","Java","2014-03-13 06:00:06",,"1","0000-00-00 00:00:00"
"8688318","https://api.github.com/repos/apache/incubator-streams","13369","incubator-streams","Mirror of Apache Streams","Java","2014-03-18 07:00:06",,"0","2016-02-06 05:36:45"
"8725128","https://api.github.com/repos/apache/tajo","13369","tajo","Mirror of Apache Tajo","Java","2014-03-21 07:00:07",,"0","2016-02-06 05:36:45"
"8877872","https://api.github.com/repos/apache/servicemix","13369","servicemix","Mirror of Apache ServiceMix","Java","2014-03-28 07:00:07",,"0","2016-02-06 05:36:45"
"9176075","https://api.github.com/repos/apache/archiva-redback-core","13369","archiva-redback-core","Mirror of Apache Archiva","Java","2014-04-11 07:00:06",,"0","2016-02-06 05:36:45"
"9235949","https://api.github.com/repos/apache/directory-samples","13369","directory-samples","Mirror of Apache Directory Samples","Java","2009-05-21 00:57:36",,"0","2016-02-06 05:36:46"
"9775067","https://api.github.com/repos/apache/olingo-odata2","13369","olingo-odata2","Mirror of Apache Olingo","Java","2014-04-16 07:00:07",,"0","2016-02-06 05:36:46"
"9775100","https://api.github.com/repos/apache/olingo-odata4","13369","olingo-odata4","Mirror of Apache Olingo","Java","2014-04-16 07:00:08",,"0","2016-02-06 05:36:46"
"9815257","https://api.github.com/repos/apache/incubator-slider","13369","incubator-slider","Mirror of Apache Slider","Java","2014-05-22 07:00:07",,"0","2016-02-06 05:36:46"
"9903757","https://api.github.com/repos/apache/incubator-brooklyn","13369","incubator-brooklyn","Mirror of Apache Brooklyn","Java","2014-05-02 07:00:07",,"0","2016-02-06 05:36:46"
"9921040","https://api.github.com/repos/apache/incubator-blur","13369","incubator-blur","Mirror of Apache Blur","Java","2014-05-30 07:00:06",,"0","2016-02-06 05:36:46"
"10016721","https://api.github.com/repos/apache/stratos","13369","stratos","Mirror of Apache Stratos","Java","2014-06-03 07:00:07",,"0","2016-02-06 05:36:46"
"10032456","https://api.github.com/repos/apache/phoenix","13369","phoenix","Mirror of Apache Phoenix","Java","2014-06-04 07:00:08",,"0","2016-02-06 05:36:46"
"10092189","https://api.github.com/repos/apache/portals-pluto","13369","portals-pluto","Mirror of Apache Pluto","Java","2014-05-23 07:00:07",,"0","2016-02-06 05:36:46"
"10092584","https://api.github.com/repos/apache/ant-antlibs-props","13369","ant-antlibs-props","Mirror of Apache Props Antlib","Java","2014-05-28 07:00:08",,"0","2016-02-06 05:36:46"
"10127828","https://api.github.com/repos/apache/ant-antlibs-antunit","13369","ant-antlibs-antunit","Mirror of Apache AntUnit - Unit Test Framework for Ant Tasks ","Java","2014-05-28 07:00:07",,"0","2016-02-06 05:36:46"
"10127834","https://api.github.com/repos/apache/ant-antlibs-compress","13369","ant-antlibs-compress","Mirror of Apache Compress Antlib","Java","2014-05-28 07:00:08",,"0","2016-02-06 05:36:46"
"10127846","https://api.github.com/repos/apache/ant-antlibs-dotnet","13369","ant-antlibs-dotnet","Mirror of Apache DotNet Antlib","Java","2014-05-28 07:00:08",,"0","2016-02-06 05:36:46"
"10127849","https://api.github.com/repos/apache/ant-ivyde","13369","ant-ivyde","Mirror of Apache Ivy Eclipse Plugin","Java","2014-05-28 07:00:08",,"0","2016-02-06 05:36:46"
"10127854","https://api.github.com/repos/apache/ant-ivy","13369","ant-ivy","Mirror of Apache Ant Ivy","Java","2014-05-28 07:00:08",,"0","2016-02-06 05:36:46"
"10127858","https://api.github.com/repos/apache/ant-antlibs-vss","13369","ant-antlibs-vss","Mirror of Apache VSS Antlib","Java","2014-05-28 07:00:08",,"0","2016-02-06 05:36:46"
"10131764","https://api.github.com/repos/apache/incubator-flink","13369","incubator-flink","Mirror of Apache Flink","Java","2014-06-07 05:00:10",,"1","0000-00-00 00:00:00"
"10146886","https://api.github.com/repos/apache/flex-blazeds","13369","flex-blazeds","Mirror of Apache Flex BlazeDS","Java","2014-05-12 07:00:06",,"0","2016-02-06 05:36:47"
"10159838","https://api.github.com/repos/apache/ant-antlibs-svn","13369","ant-antlibs-svn","Mirror of Apache SVN Antlib","Java","2014-05-28 07:00:08",,"0","2016-02-06 05:36:47"
"10348976","https://api.github.com/repos/apache/ant-easyant-core","13369","ant-easyant-core","Mirror of Apache EasyAnt core","Java","2014-06-17 07:00:07",,"0","2016-02-06 05:36:47"
"10439037","https://api.github.com/repos/apache/incubator-fleece","13369","incubator-fleece","Mirror of Apache Fleece","Java","2014-06-14 05:00:07",,"1","0000-00-00 00:00:00"
"10484884","https://api.github.com/repos/apache/incubator-optiq","13369","incubator-optiq","Mirror of Apache Optiq","Java","2014-06-25 05:00:07",,"1","0000-00-00 00:00:00"
"10661126","https://api.github.com/repos/apache/incubator-optiq-linq4j","13369","incubator-optiq-linq4j","Mirror of Apache Optiq","Java","2014-06-25 07:00:07",,"0","2016-02-06 05:36:47"
"10661159","https://api.github.com/repos/apache/incubator-optiq-csv","13369","incubator-optiq-csv","Mirror of Apache Optiq","Java","2014-06-25 07:00:07",,"0","2016-02-06 05:36:47"
"11013084","https://api.github.com/repos/apache/activemq-openwire","13369","activemq-openwire","Mirror of Apache ActiveMQ OpenWire","Java","2014-07-23 07:00:06",,"0","2016-02-06 05:36:47"
"11081205","https://api.github.com/repos/apache/creadur-tentacles","13369","creadur-tentacles","Mirror of Apache Tentacles","Java","2013-04-29 22:27:13",,"0","2016-02-06 05:36:47"
"11469007","https://api.github.com/repos/apache/airavata-sandbox","13369","airavata-sandbox","Mirror of Apache Airavata","Java","2014-06-04 07:00:07",,"0","2016-02-06 05:36:47"
"11610797","https://api.github.com/repos/apache/storm","13369","storm","Mirror of Apache Storm","Java","2013-11-05 08:00:14",,"0","2016-02-06 05:36:48"
"12227300","https://api.github.com/repos/apache/ant-easyant-easyant4e","13369","ant-easyant-easyant4e","Mirror of Apache EasyAnt for Eclipse","Java","2014-06-17 07:00:07",,"0","2016-02-06 05:36:48"
"12227303","https://api.github.com/repos/apache/ant-easyant-buildtypes","13369","ant-easyant-buildtypes","Mirror of Apache EasyAnt build types","Java","2014-06-17 07:00:06",,"0","2016-02-06 05:36:48"
"12227307","https://api.github.com/repos/apache/ant-easyant-tasks","13369","ant-easyant-tasks","Mirror of Apache EasyAnt tasks","Java","2014-06-17 07:00:07",,"0","2016-02-06 05:36:48"
"12227314","https://api.github.com/repos/apache/webservices-commons-xmlschema","13369","webservices-commons-xmlschema","Mirror of Apache Web Services Commons XMLSchema","Java","2010-10-26 07:00:17",,"0","2016-02-06 05:36:48"
"12227328","https://api.github.com/repos/apache/directory-studio-plugin","13369","directory-studio-plugin","Mirror of Apache Directory Studio Plugin","Java","2009-05-21 01:10:35",,"0","2016-02-06 05:36:48"
"12227330","https://api.github.com/repos/apache/directory-installers","13369","directory-installers","Mirror of Apache Directory Installers","Java","2009-05-21 02:08:37",,"0","2016-02-06 05:36:48"
"12227332","https://api.github.com/repos/apache/directory-daemon","13369","directory-daemon","Mirror of Apache Directory Daemon","Java","2009-05-21 03:15:18",,"0","2016-02-06 05:36:48"
"12296617","https://api.github.com/repos/apache/incubator-johnzon","13369","incubator-johnzon","Mirror of Apache Johnzon","Java","2014-09-11 07:00:06",,"0","2016-02-06 05:36:48"
"12756338","https://api.github.com/repos/apache/calcite","13369","incubator-calcite","Mirror of Apache Calcite","Java","2014-06-25 07:00:07",,"0","2016-02-06 05:36:48"
"12832010","https://api.github.com/repos/apache/reef","13369","incubator-reef","Mirror of Apache REEF","Java","2014-10-23 07:00:10",,"0","2016-02-06 05:36:48"
"12997468","https://api.github.com/repos/apache/ddlutils","13369","ddlutils","Mirror of Apache DB DdlUtils","Java","2014-09-10 07:00:06",,"0","2016-02-06 05:36:48"
"13548807","https://api.github.com/repos/apache/commons-text","13369","commons-text","Mirror of Apache Commons Text","Java","2014-11-10 08:00:07",,"0","2016-02-06 05:36:48"
"13557248","https://api.github.com/repos/apache/drill","13369","drill","Mirror of Apache Drill","Java","2012-09-05 07:00:26",,"0","2016-02-06 05:36:49"
"13636402","https://api.github.com/repos/apache/incubator-tamaya","13369","incubator-tamaya","Mirror of Apache Tamaya","Java","2014-11-21 08:00:09",,"0","2016-02-06 05:36:49"
"13673906","https://api.github.com/repos/apache/nifi","13369","incubator-nifi","Mirror of Apache NiFi","Java","2014-12-12 08:00:05",,"0","2016-02-06 05:36:49"
"13734167","https://api.github.com/repos/apache/tomcat80","13369","tomcat80","Mirror of Apache Tomcat 8.0.x","Java","2014-11-09 08:00:07",,"0","2016-02-06 05:36:49"
"13838087","https://api.github.com/repos/apache/metamodel","13369","metamodel","Mirror of Apache Metamodel","Java","2013-08-07 07:00:14",,"0","2016-02-06 05:36:49"
"13880560","https://api.github.com/repos/apache/incubator-ranger","13369","incubator-ranger","Mirror of Apache Argus","Java","2014-07-27 07:00:08",,"0","2016-02-06 05:36:49"
"14555210","https://api.github.com/repos/apache/struts-maven","13369","struts-maven","Mirror of Apache Struts Maven","Java","2009-05-20 02:02:29",,"0","2016-02-06 05:37:38"
"14696016","https://api.github.com/repos/apache/kylin","13369","incubator-kylin","Mirror of Apache Kylin","Java","2015-01-03 08:00:05",,"0","2016-02-06 05:37:38"
"14807988","https://api.github.com/repos/apache/flink","13369","flink","Mirror of Apache Flink","Java","2014-06-07 07:00:10",,"0","2016-02-06 05:37:38"
"14910547","https://api.github.com/repos/apache/falcon","13369","falcon","Mirror of Apache Falcon","Java","2013-07-20 07:00:14",,"0","2016-02-06 05:37:38"
"15192715","https://api.github.com/repos/apache/tuscany-das","13369","tuscany-das","Mirror of Apache Tuscany DAS","Java","2009-11-30 09:00:10",,"0","2016-02-06 05:37:38"
"15192716","https://api.github.com/repos/apache/tuscany-sdo","13369","tuscany-sdo","Mirror of Apache Tuscany SDO","Java","2009-11-30 09:00:10",,"0","2016-02-06 05:37:38"
"15574850","https://api.github.com/repos/apache/samza-hello-samza","13369","samza-hello-samza","Mirror of Apache Samza","Java","2014-03-13 07:00:06",,"0","2016-02-06 05:37:38"
"15602580","https://api.github.com/repos/apache/incubator-samoa","13369","incubator-samoa","Mirror of Apache Samoa (Incubating)","Java","2015-01-27 08:00:05",,"0","2016-02-06 05:37:38"
"15731679","https://api.github.com/repos/apache/directmemory-lightning","13369","directmemory-lightning","Mirror of Apache Directmemory - Lightning","Java","2012-10-16 07:00:15",,"0","2016-02-06 05:37:38"
"16021275","https://api.github.com/repos/apache/fop-pdf-images","13369","fop-pdf-images","Mirror of Apache FOP PDF Images","Java","2014-11-08 08:00:07",,"0","2016-02-06 05:37:38"
"16043852","https://api.github.com/repos/apache/incubator-tinkerpop","13369","incubator-tinkerpop","Mirror of Apache TinkerPop (Incubating)","Java","2015-02-07 08:00:05",,"0","2016-02-06 05:37:38"
"16419265","https://api.github.com/repos/apache/incubator-streams-examples","13369","incubator-streams-examples","Mirror of Apache Streams (Incubating) Examples","Java","2015-02-17 08:00:05",,"0","2016-02-06 05:37:38"
"16459106","https://api.github.com/repos/apache/incubator-taverna-osgi","13369","incubator-taverna-osgi","Mirror of Apache Taverna Osgi (incubating)","Java","2015-02-18 08:00:06",,"0","2016-02-06 05:37:39"
"16459107","https://api.github.com/repos/apache/incubator-taverna-plugin-bioinformatics","13369","incubator-taverna-plugin-bioinformatics","Mirror of Apache Taverna Plugin Bioinformatics (incubating)","Java","2015-02-18 08:00:06",,"0","2016-02-06 05:37:39"
"16459108","https://api.github.com/repos/apache/incubator-taverna-language","13369","incubator-taverna-language","Mirror of Apache Taverna Language (incubating)","Java","2015-02-18 08:00:05",,"0","2016-02-06 05:37:39"
"16459110","https://api.github.com/repos/apache/incubator-taverna-workbench-common-activities","13369","incubator-taverna-workbench-common-activities","Mirror of Apache Taverna Workbench Common Activities (incubating)","Java","2015-02-18 08:00:06",,"0","2016-02-06 05:37:39"
"16459111","https://api.github.com/repos/apache/incubator-taverna-workbench","13369","incubator-taverna-workbench","Mirror of Apache Taverna Workbench (incubating)","Java","2015-02-18 08:00:06",,"0","2016-02-06 05:37:39"
"16459112","https://api.github.com/repos/apache/incubator-taverna-common-activities","13369","incubator-taverna-common-activities","Mirror of Apache Taverna Common Activities (incubating)","Java","2015-02-18 08:00:05",,"0","2016-02-06 05:37:39"
"16459113","https://api.github.com/repos/apache/incubator-taverna-server","13369","incubator-taverna-server","Mirror of Apache Taverna Server (incubating)","Java","2015-02-18 08:00:06",,"0","2016-02-06 05:37:39"
"16459114","https://api.github.com/repos/apache/incubator-taverna-commandline","13369","incubator-taverna-commandline","Mirror of Apache Taverna Commandline (incubating)","Java","2015-02-18 08:00:05",,"0","2016-02-06 05:37:39"
"16459115","https://api.github.com/repos/apache/incubator-taverna-plugin-component","13369","incubator-taverna-plugin-component","Mirror of Apache Taverna Plugin Component (incubating)","Java","2015-02-18 08:00:06",,"0","2016-02-06 05:37:39"
"16459117","https://api.github.com/repos/apache/incubator-taverna-engine","13369","incubator-taverna-engine","Mirror of Apache Taverna Engine (incubating)","Java","2015-02-18 08:00:05",,"0","2016-02-06 05:37:39"
"17320819","https://api.github.com/repos/apache/struts-annotations","13369","struts-annotations","Mirror of Apache Struts Annotations","Java","2015-03-10 19:06:30",,"0","2016-02-06 05:37:39"
"17375836","https://api.github.com/repos/apache/cordova-plugin-whitelist","13369","cordova-plugin-whitelist","Mirror of Apache Cordova plugin whitelist","Java","2015-03-10 19:06:29",,"0","2016-02-06 05:37:39"
"17443321","https://api.github.com/repos/apache/servicemix-specs","13369","servicemix-specs","Mirror of Apache ServiceMix Specs","Java","2015-03-10 19:06:30",,"0","2016-02-06 05:37:39"
"17443380","https://api.github.com/repos/apache/servicemix-bundles","13369","servicemix-bundles","Mirror of Apache ServiceMix Bundles","Java","2015-03-10 19:06:30",,"0","2016-02-06 05:37:39"
"17535812","https://api.github.com/repos/apache/directory-kerby","13369","directory-kerby","Mirror of Apache Directory Kerby","Java","2015-03-17 07:00:05",,"0","2016-02-06 05:37:39"
"17591689","https://api.github.com/repos/apache/clerezza-rdf-core","13369","clerezza-rdf-core","Mirror of Apache Clerezza rdf.core","Java","2015-03-17 07:00:05",,"0","2016-02-06 05:37:39"
"17591694","https://api.github.com/repos/apache/vxquery","13369","vxquery","Mirror of Apache VXQuery","Java","2015-03-17 07:00:06",,"0","2016-02-06 05:37:39"
"17640015","https://api.github.com/repos/apache/openmeetings","13369","openmeetings","Mirror of Apache Openmeetings","Java","2015-03-13 07:00:05",,"0","2016-02-06 05:37:40"
"17671565","https://api.github.com/repos/apache/incubator-commonsrdf","13369","incubator-commonsrdf","Mirror of Apache CommonsRDF (Incubating)","Java","2015-03-19 07:00:05",,"0","2016-02-06 05:37:39"
"17722662","https://api.github.com/repos/apache/chemistry","13369","chemistry","Mirror of Apache Chemistry (incubating)","Java","2009-05-21 02:28:25",,"0","2016-02-06 05:37:39"
"17929255","https://api.github.com/repos/apache/incubator-zeppelin","13369","incubator-zeppelin","Mirror of Apache Zeppelin (Incubating)","Java","2015-03-25 07:00:06",,"0","2016-02-06 05:37:39"
"18018484","https://api.github.com/repos/apache/aurora","13369","aurora","Mirror of Apache Aurora","Java","2013-11-05 08:00:13",,"0","2016-02-06 05:37:39"
"18023546","https://api.github.com/repos/apache/incubator-asterixdb-hyracks","13369","incubator-asterixdb-hyracks","Mirror of Apache AsterixDB Hyracks (Incubating)","Java","2015-03-27 07:00:06",,"0","2016-02-06 05:37:40"
"18065864","https://api.github.com/repos/apache/zest-sandbox","13369","zest-sandbox","Mirror of Apache Zest sandbox","Java","2015-03-28 07:00:06",,"0","2016-02-06 05:37:40"
"18065865","https://api.github.com/repos/apache/zest-java","13369","zest-qi4j","Mirror of Apache Zest java","Java","2015-03-28 07:00:06",,"0","2016-02-06 05:37:40"
"18350037","https://api.github.com/repos/apache/incubator-myriad","13369","incubator-myriad","Mirror of Apache Myriad (Incubating)","Java","2015-04-04 07:00:05",,"0","2016-02-06 05:37:40"
"18641758","https://api.github.com/repos/apache/incubator-openaz","13369","incubator-openaz","Mirror of Apache OpenAZ (Incubating)","Java","2015-04-11 07:00:06",,"0","2016-02-06 05:37:40"
"18856551","https://api.github.com/repos/apache/qpid-java","13369","qpid-java","Mirror of Apache Qpid Java","Java","2015-04-16 07:00:05",,"0","2016-02-06 05:37:40"
"18856552","https://api.github.com/repos/apache/groovy","13369","incubator-groovy","Mirror of Apache Groovy","Java","2015-04-16 07:00:05",,"0","2016-02-06 05:37:40"
"18945175","https://api.github.com/repos/apache/incubator-mrql","13369","incubator-mrql","Mirror of Apache MRQL (Incubating)","Java","2015-04-18 07:00:05",,"0","2016-02-06 05:37:40"
"19049014","https://api.github.com/repos/apache/incubator-asterixdb","13369","incubator-asterixdb","Mirror of Apache AsterixDB (Incubating)","Java","2015-03-10 19:06:29",,"0","2016-02-06 05:37:40"
"19112197","https://api.github.com/repos/apache/incubator-htrace","13369","incubator-htrace","Mirror of Apache HTrace (Incubating)","Java","2015-04-22 07:00:05",,"0","2016-02-06 05:37:40"
"19164512","https://api.github.com/repos/apache/parquet-mr","13369","parquet-mr","Mirror of Apache Parquet","Java","2014-06-10 07:00:07",,"0","2016-02-06 05:37:40"
"19179969","https://api.github.com/repos/apache/parquet-format","13369","parquet-format","Mirror of Apache Parquet","Java","2014-06-10 07:00:07",,"0","2016-02-06 05:37:40"
"19424161","https://api.github.com/repos/apache/activemq-artemis","13369","activemq-artemis","Mirror of Apache ActiveMQ Artemis","Java","2015-05-22 07:00:05",,"0","2016-02-06 05:37:40"
"19459930","https://api.github.com/repos/apache/incubator-geode","13369","incubator-geode","Mirror of Apache Geode (Incubating)","Java","2015-04-30 07:00:05",,"0","2016-02-06 05:37:40"
"19734009","https://api.github.com/repos/apache/incubator-taverna-mobile","13369","incubator-taverna-mobile","Mirror of Apache Taverna Mobile (Incubating)","Java","2015-05-07 07:00:05",,"0","2016-02-06 05:37:41"
"19734011","https://api.github.com/repos/apache/incubator-atlas","13369","incubator-atlas","Mirror of Apache Atlas (Incubating)","Java","2015-05-07 07:00:05",,"0","2016-02-06 05:37:41"
"20412104","https://api.github.com/repos/apache/activemq-activeio","13369","activemq-activeio","Mirror of Apache ActiveMQ ActiveIO","Java","2009-09-07 08:03:01",,"0","2016-02-06 05:37:41"
"22069563","https://api.github.com/repos/apache/nifi","13369","nifi","Mirror of Apache NiFi","Java","2014-12-12 08:00:05",,"0","2016-02-06 05:37:41"
"22121057","https://api.github.com/repos/apache/zest-java","13369","zest-java","Mirror of Apache Zest java","Java","2015-03-28 07:00:06",,"0","2016-02-06 05:37:41"
"22162153","https://api.github.com/repos/apache/commons-scxml","13369","commons-scxml","Mirror of Apache Commons SCXML","Java","2015-07-10 07:00:05",,"0","2016-02-06 05:37:41"
"22205189","https://api.github.com/repos/apache/ignite","13369","ignite","Mirror of Apache Ignite","Java","2015-02-19 08:00:05",,"0","2016-02-06 05:37:41"
"22210909","https://api.github.com/repos/apache/usergrid","13369","usergrid","Mirror of Apache Usergrid","Java","2013-11-05 08:00:14",,"0","2016-02-06 05:37:41"
"22805561","https://api.github.com/repos/apache/juddi-scout","13369","juddi-scout","Mirror of Apache jUDDI","Java","2014-02-21 08:00:08",,"0","2016-02-06 05:37:41"
"22805799","https://api.github.com/repos/apache/geronimo-yoko","13369","geronimo-yoko","Mirror of Apache Geronimo yoko","Java","2009-07-01 08:14:50",,"0","2016-02-06 05:37:42"
"22805857","https://api.github.com/repos/apache/myfaces-scripting","13369","myfaces-scripting","Mirror of Apache MyFaces Scripting","Java","2010-05-26 23:38:08",,"0","2016-02-06 05:37:42"
"22805980","https://api.github.com/repos/apache/savan","13369","savan","Mirror of Apache Savan","Java","2011-08-15 18:14:20",,"0","2016-02-06 05:37:42"
"22806032","https://api.github.com/repos/apache/harmony-jdktools","13369","harmony-jdktools","Mirror of Apache Harmony JDKTools","Java","2009-05-21 01:20:48",,"0","2016-02-06 05:37:42"
"22843815","https://api.github.com/repos/apache/lens","13369","lens","Mirror of Apache Lens","Java","2014-11-12 08:00:06",,"0","2016-02-06 05:37:42"
"22989987","https://api.github.com/repos/apache/james-mpt","13369","james-mpt","Mirror of Apache James MPT","Java","2015-07-14 07:00:06",,"0","2016-02-06 05:37:42"
"24367041","https://api.github.com/repos/apache/incubator-apex-core","13369","incubator-apex-core","Mirror of Apache Apex core (Incubating)","Java","2015-08-25 07:00:05",,"0","2016-02-06 05:37:42"
"24526955","https://api.github.com/repos/apache/nifi-maven","13369","nifi-maven","Mirror of Apache Nifi","Java","2015-08-23 07:00:06",,"0","2016-02-06 05:37:42"
"24836057","https://api.github.com/repos/apache/incubator-apex-malhar","13369","incubator-apex-malhar","Mirror of Apache Apex malhar (Incubating)","Java","2015-08-25 07:00:05",,"0","2016-02-06 05:37:42"
"25203339","https://api.github.com/repos/apache/incubator-wave-android","13369","incubator-wave-android","Mirror of Apache Wave Android (Incubating)","Java","2015-09-01 07:00:05",,"0","2016-02-06 05:37:42"
"25319725","https://api.github.com/repos/apache/incubator-freemarker","13369","incubator-freemarker","Mirror of Apache Freemarker (Incubating)","Java","2015-09-04 07:00:05",,"0","2016-02-06 05:37:42"
"25319727","https://api.github.com/repos/apache/incubator-freemarker-docgen","13369","incubator-freemarker-docgen","Mirror of Apache Freemarker docgen (Incubating)","Java","2015-09-04 07:00:05",,"0","2016-02-06 05:37:42"
"26172367","https://api.github.com/repos/apache/incubator-horn","13369","incubator-horn","Mirror of Apache Horn (Incubating)","Java","2015-09-18 07:00:05",,"0","2016-02-06 05:37:43"
"26783120","https://api.github.com/repos/apache/maven-mercury","13369","maven-mercury","Mirror of Apache Maven mercury","Java","2009-05-21 01:03:45",,"0","2016-02-06 05:37:43"
"26984056","https://api.github.com/repos/apache/myfaces-portlet-bridge","13369","myfaces-portlet-bridge","Mirror of Apache MyFaces Portlet-Bridge","Java","2011-05-15 07:00:10",,"0","2016-02-06 05:37:43"
"27006385","https://api.github.com/repos/apache/directory-fortress-core","13369","directory-fortress-core","Mirror of Apache Directory Fortress Core","Java","2015-10-02 07:00:05",,"0","2016-02-06 05:37:43"
"27017254","https://api.github.com/repos/apache/directory-fortress-commander","13369","directory-fortress-commander","Mirror of Apache Directory Fortress Commander","Java","2015-10-02 07:00:05",,"0","2016-02-06 05:37:43"
"27017261","https://api.github.com/repos/apache/directory-fortress-realm","13369","directory-fortress-realm","Mirror of Apache Directory Fortress Realm","Java","2015-10-02 07:00:06",,"0","2016-02-06 05:37:43"
"27017267","https://api.github.com/repos/apache/directory-fortress-enmasse","13369","directory-fortress-enmasse","Mirror of Apache Directory Fortress Enmasse","Java","2015-10-02 07:00:06",,"0","2016-02-06 05:37:43"
"27144803","https://api.github.com/repos/apache/incubator-rya","13369","incubator-rya","Mirror of Apache Rya (Incubating)","Java","2015-10-06 07:00:05",,"0","2016-02-06 05:37:43"
"27294528","https://api.github.com/repos/apache/james-project","13369","james-project","Mirror of Apache James Project","Java","2015-07-11 07:00:06",,"0","2016-02-06 05:37:43"
"28071782","https://api.github.com/repos/apache/calcite","13369","calcite","Mirror of Apache Calcite","Java","2014-06-25 07:00:07",,"0","2016-02-06 05:37:43"
"28597630","https://api.github.com/repos/apache/incubator-systemml","13369","incubator-systemml","Mirror of Apache SystemML (Incubating)","Java","2015-11-10 08:00:06",,"0","2016-02-06 05:37:43"
"28932956","https://api.github.com/repos/apache/incubator-eagle","13369","incubator-eagle","Mirror of Apache Eagle (Incubating)","Java","2015-11-18 08:00:06",,"0","2016-02-06 05:37:43"
"29077810","https://api.github.com/repos/apache/incubator-unomi","13369","incubator-unomi","Mirror of Apache Unomi (Incubating)","Java","2015-11-24 08:00:05",,"0","2016-02-06 05:37:43"
"29149642","https://api.github.com/repos/apache/reef","13369","reef","Mirror of Apache REEF","Java","2014-10-23 07:00:10",,"0","2016-02-06 05:37:44"
"29167693","https://api.github.com/repos/apache/groovy","13369","groovy","Mirror of Apache Groovy","Java","2015-04-16 07:00:05",,"0","2016-02-06 05:37:44"
"29170758","https://api.github.com/repos/apache/kylin","13369","kylin","Mirror of Apache Kylin","Java","2015-01-03 08:00:05",,"0","2016-02-06 05:37:44"
"29176124","https://api.github.com/repos/apache/brooklyn-library","13369","brooklyn-library","Mirror of Apache Brooklyn library","Java","2015-12-02 08:00:06",,"0","2016-02-06 05:37:44"
"29176176","https://api.github.com/repos/apache/brooklyn-server","13369","brooklyn-server","Mirror of Apache Brooklyn server","Java","2015-12-02 08:00:06",,"0","2016-02-06 05:37:44"
"29663178","https://api.github.com/repos/apache/incubator-metron","13369","incubator-metron","Mirror of Apache Metron (Incubating)","Java","2015-12-08 08:00:05",,"0","2016-02-06 05:37:44"
"30150130","https://api.github.com/repos/apache/incubator-fineract","13369","incubator-fineract","Mirror of Apache Fineract (Incubating)","Java","2015-12-22 08:00:06",,"0","2016-02-06 05:37:44"
"33329982","https://api.github.com/repos/apache/incubator-quarks","13369","incubator-quarks","Mirror of Apache Quarks (Incubating)","Java","2016-03-10 08:00:06",,"0","0000-00-00 00:00:00"
"34162882","https://api.github.com/repos/apache/incubator-mnemonic","13369","incubator-mnemonic","Mirror of Apache Mnemonic (Incubating)","Java","2016-03-29 07:00:06",,"0","0000-00-00 00:00:00"
"34470299","https://api.github.com/repos/apache/nuvem","13369","nuvem","Mirror of Apache Nuvem","Java","2010-08-12 03:32:41",,"0","0000-00-00 00:00:00"
"34475116","https://api.github.com/repos/apache/cordova-plugin-compat","13369","cordova-plugin-compat","Mirror of Apache Cordova Plugin Compatibility","Java","2016-04-05 07:00:06",,"0","0000-00-00 00:00:00"
"35053838","https://api.github.com/repos/apache/commons-crypto","13369","commons-crypto","Mirror of Apache Commons Crypto","Java","2016-04-13 07:00:07",,"0","0000-00-00 00:00:00"
"35747181","https://api.github.com/repos/apache/tuscany-sca-1.x","13369","tuscany-sca-1.x","Mirror of Apache Tuscany SCA 1.x","Java","2009-11-30 09:00:10",,"0","0000-00-00 00:00:00"
"37781660","https://api.github.com/repos/apache/incubator-gossip","13369","incubator-gossip","Mirror of Apache Gossip Incubator","Java","2016-05-28 07:00:05",,"0","1970-01-02 00:00:00"
"38086206","https://api.github.com/repos/apache/incubator-tephra","13369","incubator-tephra","Mirror of Apache Tephra (Incubating)","Java","2016-06-02 07:00:07",,"0","1970-01-02 00:00:00"
"38263359","https://api.github.com/repos/apache/apex-core","13369","apex-core","Mirror of Apache Apex core (Incubating)","Java","2015-08-25 07:00:05",,"0","1970-01-02 00:00:00"
"38266735","https://api.github.com/repos/apache/apex-malhar","13369","apex-malhar","Mirror of Apache Apex malhar (Incubating)","Java","2015-08-25 07:00:05",,"0","1970-01-02 00:00:00"
"38843634","https://api.github.com/repos/apache/zeppelin","13369","zeppelin","Mirror of Apache Zeppelin (Incubating)","Java","2015-03-25 07:00:06",,"0","1970-01-02 00:00:00"
"38852445","https://api.github.com/repos/apache/asterixdb","13369","asterixdb","Mirror of Apache AsterixDB (Incubating)","Java","2015-03-10 19:06:29",,"0","1970-01-02 00:00:00"
"38875632","https://api.github.com/repos/apache/tinkerpop","13369","tinkerpop","Mirror of Apache TinkerPop (Incubating)","Java","2015-02-07 08:00:05",,"0","1970-01-02 00:00:00"
"39317323","https://api.github.com/repos/apache/fluo-recipes","13369","fluo-recipes","Implementation of common Fluo patterns","Java","2015-09-04 01:24:21",,"0","1970-01-02 00:00:00"
"39428574","https://api.github.com/repos/apache/incubator-fluo-recipes","13369","incubator-fluo-recipes","Apache Fluo Recipes (Incubating)","Java","2015-09-04 01:24:21",,"0","1970-01-02 00:00:00"
"39884480","https://api.github.com/repos/apache/johnzon","13369","johnzon","Mirror of Apache Johnzon","Java","2014-09-11 07:00:06",,"0","1970-01-02 00:00:00"
"41555101","https://api.github.com/repos/apache/struts-archetypes","13369","struts-archetypes","Mirror of Apache Struts Archetypes","Java","2016-07-15 07:00:06",,"0","1970-01-02 00:00:00"
"42353063","https://api.github.com/repos/apache/twill","13369","twill","Mirror of Apache Twill","Java","2016-07-29 07:00:06",,"0","1970-01-02 00:00:00"
"42628598","https://api.github.com/repos/apache/incubator-juneau","13369","incubator-juneau","Mirror of Apache Juneau (Incubating)","Java","2016-08-02 07:00:07",,"0","1970-01-02 00:00:00"
"43429296","https://api.github.com/repos/apache/incubator-edgent","13369","incubator-edgent","Mirror of Apache Edgent (Incubating)","Java","2016-03-10 08:00:06",,"0","1970-01-02 00:00:00"
"45469952","https://api.github.com/repos/apache/asterixdb-bad","13369","asterixdb-bad","Mirror of BAD project","Java","2016-09-10 07:00:06",,"0","1970-01-02 00:00:00"
